"LOCATION","INDICATOR","SUBJECT","MEASURE","FREQUENCY","TIME","Value","Flag Codes"
"CHE","CPI","TOT","AGRWTH","M","1956-01",0.1143947,
"CHE","CPI","TOT","AGRWTH","M","1956-02",0.6964108,
"CHE","CPI","TOT","AGRWTH","M","1956-03",1.107152,
"CHE","CPI","TOT","AGRWTH","M","1956-04",0.8729277,
"CHE","CPI","TOT","AGRWTH","M","1956-05",1.568104,
"CHE","CPI","TOT","AGRWTH","M","1956-06",1.797024,
"CHE","CPI","TOT","AGRWTH","M","1956-07",1.857007,
"CHE","CPI","TOT","AGRWTH","M","1956-08",1.966826,
"CHE","CPI","TOT","AGRWTH","M","1956-09",1.967263,
"CHE","CPI","TOT","AGRWTH","M","1956-10",1.903173,
"CHE","CPI","TOT","AGRWTH","M","1956-11",2.075207,
"CHE","CPI","TOT","AGRWTH","M","1956-12",2.188814,
"CHE","CPI","TOT","AGRWTH","M","1957-01",2.609027,
"CHE","CPI","TOT","AGRWTH","M","1957-02",2.196383,
"CHE","CPI","TOT","AGRWTH","M","1957-03",1.614125,
"CHE","CPI","TOT","AGRWTH","M","1957-04",2.13307,
"CHE","CPI","TOT","AGRWTH","M","1957-05",1.712933,
"CHE","CPI","TOT","AGRWTH","M","1957-06",1.540422,
"CHE","CPI","TOT","AGRWTH","M","1957-07",1.650943,
"CHE","CPI","TOT","AGRWTH","M","1957-08",1.872925,
"CHE","CPI","TOT","AGRWTH","M","1957-09",1.925584,
"CHE","CPI","TOT","AGRWTH","M","1957-10",2.150378,
"CHE","CPI","TOT","AGRWTH","M","1957-11",2.144315,
"CHE","CPI","TOT","AGRWTH","M","1957-12",2.030758,
"CHE","CPI","TOT","AGRWTH","M","1958-01",1.919079,
"CHE","CPI","TOT","AGRWTH","M","1958-02",2.093404,
"CHE","CPI","TOT","AGRWTH","M","1958-03",2.382728,
"CHE","CPI","TOT","AGRWTH","M","1958-04",2.151696,
"CHE","CPI","TOT","AGRWTH","M","1958-05",2.396868,
"CHE","CPI","TOT","AGRWTH","M","1958-06",2.413997,
"CHE","CPI","TOT","AGRWTH","M","1958-07",2.183921,
"CHE","CPI","TOT","AGRWTH","M","1958-08",1.728621,
"CHE","CPI","TOT","AGRWTH","M","1958-09",1.666301,
"CHE","CPI","TOT","AGRWTH","M","1958-10",1.27472,
"CHE","CPI","TOT","AGRWTH","M","1958-11",1.049649,
"CHE","CPI","TOT","AGRWTH","M","1958-12",0.8862092,
"CHE","CPI","TOT","AGRWTH","M","1959-01",0.5535929,
"CHE","CPI","TOT","AGRWTH","M","1959-02",0.2185235,
"CHE","CPI","TOT","AGRWTH","M","1959-03",0.05463088,
"CHE","CPI","TOT","AGRWTH","M","1959-04",-0.44383,
"CHE","CPI","TOT","AGRWTH","M","1959-05",-1.190219,
"CHE","CPI","TOT","AGRWTH","M","1959-06",-1.369567,
"CHE","CPI","TOT","AGRWTH","M","1959-07",-1.369567,
"CHE","CPI","TOT","AGRWTH","M","1959-08",-1.152032,
"CHE","CPI","TOT","AGRWTH","M","1959-09",-0.9812379,
"CHE","CPI","TOT","AGRWTH","M","1959-10",-0.7659942,
"CHE","CPI","TOT","AGRWTH","M","1959-11",-0.711667,
"CHE","CPI","TOT","AGRWTH","M","1959-12",-0.6048169,
"CHE","CPI","TOT","AGRWTH","M","1960-01",-0.2752725,
"CHE","CPI","TOT","AGRWTH","M","1960-02",0.5560199,
"CHE","CPI","TOT","AGRWTH","M","1960-03",0.7207338,
"CHE","CPI","TOT","AGRWTH","M","1960-04",1.278959,
"CHE","CPI","TOT","AGRWTH","M","1960-05",1.609724,
"CHE","CPI","TOT","AGRWTH","M","1960-06",1.834393,
"CHE","CPI","TOT","AGRWTH","M","1960-07",2.11211,
"CHE","CPI","TOT","AGRWTH","M","1960-08",1.995848,
"CHE","CPI","TOT","AGRWTH","M","1960-09",1.931105,
"CHE","CPI","TOT","AGRWTH","M","1960-10",1.927955,
"CHE","CPI","TOT","AGRWTH","M","1960-11",1.81726,
"CHE","CPI","TOT","AGRWTH","M","1960-12",1.763918,
"CHE","CPI","TOT","AGRWTH","M","1961-01",1.768787,
"CHE","CPI","TOT","AGRWTH","M","1961-02",1.319118,
"CHE","CPI","TOT","AGRWTH","M","1961-03",1.319118,
"CHE","CPI","TOT","AGRWTH","M","1961-04",1.15096,
"CHE","CPI","TOT","AGRWTH","M","1961-05",1.476452,
"CHE","CPI","TOT","AGRWTH","M","1961-06",1.528635,
"CHE","CPI","TOT","AGRWTH","M","1961-07",1.470799,
"CHE","CPI","TOT","AGRWTH","M","1961-08",1.735404,
"CHE","CPI","TOT","AGRWTH","M","1961-09",1.623874,
"CHE","CPI","TOT","AGRWTH","M","1961-10",1.895044,
"CHE","CPI","TOT","AGRWTH","M","1961-11",3.299438,
"CHE","CPI","TOT","AGRWTH","M","1961-12",3.520074,
"CHE","CPI","TOT","AGRWTH","M","1962-01",3.907923,
"CHE","CPI","TOT","AGRWTH","M","1962-02",4.126984,
"CHE","CPI","TOT","AGRWTH","M","1962-03",4.287498,
"CHE","CPI","TOT","AGRWTH","M","1962-04",4.776173,
"CHE","CPI","TOT","AGRWTH","M","1962-05",4.79326,
"CHE","CPI","TOT","AGRWTH","M","1962-06",4.891497,
"CHE","CPI","TOT","AGRWTH","M","1962-07",4.986775,
"CHE","CPI","TOT","AGRWTH","M","1962-08",4.913833,
"CHE","CPI","TOT","AGRWTH","M","1962-09",4.68865,
"CHE","CPI","TOT","AGRWTH","M","1962-10",4.089466,
"CHE","CPI","TOT","AGRWTH","M","1962-11",3.142424,
"CHE","CPI","TOT","AGRWTH","M","1962-12",3.242221,
"CHE","CPI","TOT","AGRWTH","M","1963-01",3.451829,
"CHE","CPI","TOT","AGRWTH","M","1963-02",3.802412,
"CHE","CPI","TOT","AGRWTH","M","1963-03",3.642645,
"CHE","CPI","TOT","AGRWTH","M","1963-04",3.315858,
"CHE","CPI","TOT","AGRWTH","M","1963-05",3.134923,
"CHE","CPI","TOT","AGRWTH","M","1963-06",3.126895,
"CHE","CPI","TOT","AGRWTH","M","1963-07",3.016561,
"CHE","CPI","TOT","AGRWTH","M","1963-08",2.900539,
"CHE","CPI","TOT","AGRWTH","M","1963-09",3.260251,
"CHE","CPI","TOT","AGRWTH","M","1963-10",3.821528,
"CHE","CPI","TOT","AGRWTH","M","1963-11",3.961024,
"CHE","CPI","TOT","AGRWTH","M","1963-12",3.84974,
"CHE","CPI","TOT","AGRWTH","M","1964-01",3.632138,
"CHE","CPI","TOT","AGRWTH","M","1964-02",3.161508,
"CHE","CPI","TOT","AGRWTH","M","1964-03",3.211009,
"CHE","CPI","TOT","AGRWTH","M","1964-04",3.706999,
"CHE","CPI","TOT","AGRWTH","M","1964-05",3.635768,
"CHE","CPI","TOT","AGRWTH","M","1964-06",3.231393,
"CHE","CPI","TOT","AGRWTH","M","1964-07",3.074967,
"CHE","CPI","TOT","AGRWTH","M","1964-08",3.017101,
"CHE","CPI","TOT","AGRWTH","M","1964-09",2.910953,
"CHE","CPI","TOT","AGRWTH","M","1964-10",2.799393,
"CHE","CPI","TOT","AGRWTH","M","1964-11",2.29505,
"CHE","CPI","TOT","AGRWTH","M","1964-12",2.340944,
"CHE","CPI","TOT","AGRWTH","M","1965-01",2.338694,
"CHE","CPI","TOT","AGRWTH","M","1965-02",2.53039,
"CHE","CPI","TOT","AGRWTH","M","1965-03",2.532374,
"CHE","CPI","TOT","AGRWTH","M","1965-04",2.224129,
"CHE","CPI","TOT","AGRWTH","M","1965-05",2.790771,
"CHE","CPI","TOT","AGRWTH","M","1965-06",3.320146,
"CHE","CPI","TOT","AGRWTH","M","1965-07",3.559,
"CHE","CPI","TOT","AGRWTH","M","1965-08",3.888153,
"CHE","CPI","TOT","AGRWTH","M","1965-09",3.975179,
"CHE","CPI","TOT","AGRWTH","M","1965-10",4.014071,
"CHE","CPI","TOT","AGRWTH","M","1965-11",4.819731,
"CHE","CPI","TOT","AGRWTH","M","1965-12",4.910071,
"CHE","CPI","TOT","AGRWTH","M","1966-01",5.381292,
"CHE","CPI","TOT","AGRWTH","M","1966-02",5.313407,
"CHE","CPI","TOT","AGRWTH","M","1966-03",5.407428,
"CHE","CPI","TOT","AGRWTH","M","1966-04",5.200012,
"CHE","CPI","TOT","AGRWTH","M","1966-05",5.374658,
"CHE","CPI","TOT","AGRWTH","M","1966-06",4.849283,
"CHE","CPI","TOT","AGRWTH","M","1966-07",4.557813,
"CHE","CPI","TOT","AGRWTH","M","1966-08",4.29856,
"CHE","CPI","TOT","AGRWTH","M","1966-09",4.101912,
"CHE","CPI","TOT","AGRWTH","M","1966-10",3.995048,
"CHE","CPI","TOT","AGRWTH","M","1966-11",4.3257,
"CHE","CPI","TOT","AGRWTH","M","1966-12",4.587677,
"CHE","CPI","TOT","AGRWTH","M","1967-01",4.340076,
"CHE","CPI","TOT","AGRWTH","M","1967-02",3.83362,
"CHE","CPI","TOT","AGRWTH","M","1967-03",3.68924,
"CHE","CPI","TOT","AGRWTH","M","1967-04",3.640017,
"CHE","CPI","TOT","AGRWTH","M","1967-05",3.466488,
"CHE","CPI","TOT","AGRWTH","M","1967-06",4.306541,
"CHE","CPI","TOT","AGRWTH","M","1967-07",4.674672,
"CHE","CPI","TOT","AGRWTH","M","1967-08",4.753444,
"CHE","CPI","TOT","AGRWTH","M","1967-09",4.260396,
"CHE","CPI","TOT","AGRWTH","M","1967-10",3.928685,
"CHE","CPI","TOT","AGRWTH","M","1967-11",3.6901,
"CHE","CPI","TOT","AGRWTH","M","1967-12",3.489733,
"CHE","CPI","TOT","AGRWTH","M","1968-01",3.370914,
"CHE","CPI","TOT","AGRWTH","M","1968-02",3.791943,
"CHE","CPI","TOT","AGRWTH","M","1968-03",3.398197,
"CHE","CPI","TOT","AGRWTH","M","1968-04",3.21284,
"CHE","CPI","TOT","AGRWTH","M","1968-05",2.394315,
"CHE","CPI","TOT","AGRWTH","M","1968-06",1.795468,
"CHE","CPI","TOT","AGRWTH","M","1968-07",1.342563,
"CHE","CPI","TOT","AGRWTH","M","1968-08",1.240095,
"CHE","CPI","TOT","AGRWTH","M","1968-09",1.724956,
"CHE","CPI","TOT","AGRWTH","M","1968-10",2.207197,
"CHE","CPI","TOT","AGRWTH","M","1968-11",2.186186,
"CHE","CPI","TOT","AGRWTH","M","1968-12",2.179972,
"CHE","CPI","TOT","AGRWTH","M","1969-01",2.269472,
"CHE","CPI","TOT","AGRWTH","M","1969-02",2.265167,
"CHE","CPI","TOT","AGRWTH","M","1969-03",2.464196,
"CHE","CPI","TOT","AGRWTH","M","1969-04",2.372601,
"CHE","CPI","TOT","AGRWTH","M","1969-05",2.553156,
"CHE","CPI","TOT","AGRWTH","M","1969-06",2.930494,
"CHE","CPI","TOT","AGRWTH","M","1969-07",3.026881,
"CHE","CPI","TOT","AGRWTH","M","1969-08",2.54868,
"CHE","CPI","TOT","AGRWTH","M","1969-09",2.543559,
"CHE","CPI","TOT","AGRWTH","M","1969-10",2.348149,
"CHE","CPI","TOT","AGRWTH","M","1969-11",2.234198,
"CHE","CPI","TOT","AGRWTH","M","1969-12",2.319803,
"CHE","CPI","TOT","AGRWTH","M","1970-01",2.313369,
"CHE","CPI","TOT","AGRWTH","M","1970-02",2.123599,
"CHE","CPI","TOT","AGRWTH","M","1970-03",2.499192,
"CHE","CPI","TOT","AGRWTH","M","1970-04",2.592813,
"CHE","CPI","TOT","AGRWTH","M","1970-05",3.136834,
"CHE","CPI","TOT","AGRWTH","M","1970-06",3.12241,
"CHE","CPI","TOT","AGRWTH","M","1970-07",3.39776,
"CHE","CPI","TOT","AGRWTH","M","1970-08",3.952971,
"CHE","CPI","TOT","AGRWTH","M","1970-09",4.506047,
"CHE","CPI","TOT","AGRWTH","M","1970-10",4.863652,
"CHE","CPI","TOT","AGRWTH","M","1970-11",5.366745,
"CHE","CPI","TOT","AGRWTH","M","1970-12",5.439717,
"CHE","CPI","TOT","AGRWTH","M","1971-01",5.788213,
"CHE","CPI","TOT","AGRWTH","M","1971-02",6.240952,
"CHE","CPI","TOT","AGRWTH","M","1971-03",6.678928,
"CHE","CPI","TOT","AGRWTH","M","1971-04",6.866535,
"CHE","CPI","TOT","AGRWTH","M","1971-05",6.976017,
"CHE","CPI","TOT","AGRWTH","M","1971-06",6.587168,
"CHE","CPI","TOT","AGRWTH","M","1971-07",6.750607,
"CHE","CPI","TOT","AGRWTH","M","1971-08",6.549015,
"CHE","CPI","TOT","AGRWTH","M","1971-09",6.682712,
"CHE","CPI","TOT","AGRWTH","M","1971-10",6.561051,
"CHE","CPI","TOT","AGRWTH","M","1971-11",6.564095,
"CHE","CPI","TOT","AGRWTH","M","1971-12",6.620942,
"CHE","CPI","TOT","AGRWTH","M","1972-01",6.663349,
"CHE","CPI","TOT","AGRWTH","M","1972-02",6.721669,
"CHE","CPI","TOT","AGRWTH","M","1972-03",6.342052,
"CHE","CPI","TOT","AGRWTH","M","1972-04",6.339207,
"CHE","CPI","TOT","AGRWTH","M","1972-05",6.27282,
"CHE","CPI","TOT","AGRWTH","M","1972-06",6.771087,
"CHE","CPI","TOT","AGRWTH","M","1972-07",6.406065,
"CHE","CPI","TOT","AGRWTH","M","1972-08",6.644583,
"CHE","CPI","TOT","AGRWTH","M","1972-09",6.760908,
"CHE","CPI","TOT","AGRWTH","M","1972-10",7.306755,
"CHE","CPI","TOT","AGRWTH","M","1972-11",6.806171,
"CHE","CPI","TOT","AGRWTH","M","1972-12",6.855426,
"CHE","CPI","TOT","AGRWTH","M","1973-01",7.373799,
"CHE","CPI","TOT","AGRWTH","M","1973-02",7.57516,
"CHE","CPI","TOT","AGRWTH","M","1973-03",8.194178,
"CHE","CPI","TOT","AGRWTH","M","1973-04",8.347219,
"CHE","CPI","TOT","AGRWTH","M","1973-05",8.023546,
"CHE","CPI","TOT","AGRWTH","M","1973-06",8.211845,
"CHE","CPI","TOT","AGRWTH","M","1973-07",8.287431,
"CHE","CPI","TOT","AGRWTH","M","1973-08",8.257567,
"CHE","CPI","TOT","AGRWTH","M","1973-09",8.261583,
"CHE","CPI","TOT","AGRWTH","M","1973-10",9.48658,
"CHE","CPI","TOT","AGRWTH","M","1973-11",10.84973,
"CHE","CPI","TOT","AGRWTH","M","1973-12",11.9238,
"CHE","CPI","TOT","AGRWTH","M","1974-01",11.56662,
"CHE","CPI","TOT","AGRWTH","M","1974-02",10.00906,
"CHE","CPI","TOT","AGRWTH","M","1974-03",9.63288,
"CHE","CPI","TOT","AGRWTH","M","1974-04",8.729362,
"CHE","CPI","TOT","AGRWTH","M","1974-05",9.834188,
"CHE","CPI","TOT","AGRWTH","M","1974-06",9.62004,
"CHE","CPI","TOT","AGRWTH","M","1974-07",9.820284,
"CHE","CPI","TOT","AGRWTH","M","1974-08",10.50328,
"CHE","CPI","TOT","AGRWTH","M","1974-09",11.34183,
"CHE","CPI","TOT","AGRWTH","M","1974-10",9.785572,
"CHE","CPI","TOT","AGRWTH","M","1974-11",9.034572,
"CHE","CPI","TOT","AGRWTH","M","1974-12",7.551874,
"CHE","CPI","TOT","AGRWTH","M","1975-01",7.290713,
"CHE","CPI","TOT","AGRWTH","M","1975-02",8.42161,
"CHE","CPI","TOT","AGRWTH","M","1975-03",8.319828,
"CHE","CPI","TOT","AGRWTH","M","1975-04",9.246454,
"CHE","CPI","TOT","AGRWTH","M","1975-05",8.156371,
"CHE","CPI","TOT","AGRWTH","M","1975-06",7.980797,
"CHE","CPI","TOT","AGRWTH","M","1975-07",7.428178,
"CHE","CPI","TOT","AGRWTH","M","1975-08",6.705584,
"CHE","CPI","TOT","AGRWTH","M","1975-09",5.380455,
"CHE","CPI","TOT","AGRWTH","M","1975-10",4.838411,
"CHE","CPI","TOT","AGRWTH","M","1975-11",3.704381,
"CHE","CPI","TOT","AGRWTH","M","1975-12",3.447835,
"CHE","CPI","TOT","AGRWTH","M","1976-01",3.430314,
"CHE","CPI","TOT","AGRWTH","M","1976-02",3.045107,
"CHE","CPI","TOT","AGRWTH","M","1976-03",2.474944,
"CHE","CPI","TOT","AGRWTH","M","1976-04",2.222502,
"CHE","CPI","TOT","AGRWTH","M","1976-05",1.286925,
"CHE","CPI","TOT","AGRWTH","M","1976-06",1.099038,
"CHE","CPI","TOT","AGRWTH","M","1976-07",1.468073,
"CHE","CPI","TOT","AGRWTH","M","1976-08",1.523979,
"CHE","CPI","TOT","AGRWTH","M","1976-09",0.9131935,
"CHE","CPI","TOT","AGRWTH","M","1976-10",1.030491,
"CHE","CPI","TOT","AGRWTH","M","1976-11",0.907553,
"CHE","CPI","TOT","AGRWTH","M","1976-12",1.273885,
"CHE","CPI","TOT","AGRWTH","M","1977-01",0.9019601,
"CHE","CPI","TOT","AGRWTH","M","1977-02",1.027181,
"CHE","CPI","TOT","AGRWTH","M","1977-03",1.027283,
"CHE","CPI","TOT","AGRWTH","M","1977-04",1.146898,
"CHE","CPI","TOT","AGRWTH","M","1977-05",1.270574,
"CHE","CPI","TOT","AGRWTH","M","1977-06",1.75201,
"CHE","CPI","TOT","AGRWTH","M","1977-07",1.629442,
"CHE","CPI","TOT","AGRWTH","M","1977-08",1.263165,
"CHE","CPI","TOT","AGRWTH","M","1977-09",1.56609,
"CHE","CPI","TOT","AGRWTH","M","1977-10",1.525596,
"CHE","CPI","TOT","AGRWTH","M","1977-11",1.241683,
"CHE","CPI","TOT","AGRWTH","M","1977-12",1.200369,
"CHE","CPI","TOT","AGRWTH","M","1978-01",1.020852,
"CHE","CPI","TOT","AGRWTH","M","1978-02",1.056711,
"CHE","CPI","TOT","AGRWTH","M","1978-03",1.340693,
"CHE","CPI","TOT","AGRWTH","M","1978-04",1.422584,
"CHE","CPI","TOT","AGRWTH","M","1978-05",1.583518,
"CHE","CPI","TOT","AGRWTH","M","1978-06",1.120235,
"CHE","CPI","TOT","AGRWTH","M","1978-07",1.059088,
"CHE","CPI","TOT","AGRWTH","M","1978-08",1.159295,
"CHE","CPI","TOT","AGRWTH","M","1978-09",0.7994612,
"CHE","CPI","TOT","AGRWTH","M","1978-10",0.3997932,
"CHE","CPI","TOT","AGRWTH","M","1978-11",0.6986131,
"CHE","CPI","TOT","AGRWTH","M","1978-12",0.697218,
"CHE","CPI","TOT","AGRWTH","M","1979-01",1.096612,
"CHE","CPI","TOT","AGRWTH","M","1979-02",2.093043,
"CHE","CPI","TOT","AGRWTH","M","1979-03",2.487844,
"CHE","CPI","TOT","AGRWTH","M","1979-04",2.582349,
"CHE","CPI","TOT","AGRWTH","M","1979-05",2.877846,
"CHE","CPI","TOT","AGRWTH","M","1979-06",4.058605,
"CHE","CPI","TOT","AGRWTH","M","1979-07",4.356077,
"CHE","CPI","TOT","AGRWTH","M","1979-08",4.054585,
"CHE","CPI","TOT","AGRWTH","M","1979-09",4.861504,
"CHE","CPI","TOT","AGRWTH","M","1979-10",4.968934,
"CHE","CPI","TOT","AGRWTH","M","1979-11",5.159566,
"CHE","CPI","TOT","AGRWTH","M","1979-12",5.147624,
"CHE","CPI","TOT","AGRWTH","M","1980-01",5.028523,
"CHE","CPI","TOT","AGRWTH","M","1980-02",4.096897,
"CHE","CPI","TOT","AGRWTH","M","1980-03",3.88426,
"CHE","CPI","TOT","AGRWTH","M","1980-04",4.066862,
"CHE","CPI","TOT","AGRWTH","M","1980-05",4.339211,
"CHE","CPI","TOT","AGRWTH","M","1980-06",3.236565,
"CHE","CPI","TOT","AGRWTH","M","1980-07",3.322357,
"CHE","CPI","TOT","AGRWTH","M","1980-08",4.183833,
"CHE","CPI","TOT","AGRWTH","M","1980-09",3.78502,
"CHE","CPI","TOT","AGRWTH","M","1980-10",3.693772,
"CHE","CPI","TOT","AGRWTH","M","1980-11",4.24506,
"CHE","CPI","TOT","AGRWTH","M","1980-12",4.425728,
"CHE","CPI","TOT","AGRWTH","M","1981-01",5.165537,
"CHE","CPI","TOT","AGRWTH","M","1981-02",5.998964,
"CHE","CPI","TOT","AGRWTH","M","1981-03",6.354893,
"CHE","CPI","TOT","AGRWTH","M","1981-04",5.674773,
"CHE","CPI","TOT","AGRWTH","M","1981-05",5.915771,
"CHE","CPI","TOT","AGRWTH","M","1981-06",6.359311,
"CHE","CPI","TOT","AGRWTH","M","1981-07",6.518258,
"CHE","CPI","TOT","AGRWTH","M","1981-08",7.481803,
"CHE","CPI","TOT","AGRWTH","M","1981-09",7.474973,
"CHE","CPI","TOT","AGRWTH","M","1981-10",7.305727,
"CHE","CPI","TOT","AGRWTH","M","1981-11",6.967732,
"CHE","CPI","TOT","AGRWTH","M","1981-12",6.583004,
"CHE","CPI","TOT","AGRWTH","M","1982-01",6.071164,
"CHE","CPI","TOT","AGRWTH","M","1982-02",5.216714,
"CHE","CPI","TOT","AGRWTH","M","1982-03",4.744637,
"CHE","CPI","TOT","AGRWTH","M","1982-04",5.544831,
"CHE","CPI","TOT","AGRWTH","M","1982-05",5.933403,
"CHE","CPI","TOT","AGRWTH","M","1982-06",6.152649,
"CHE","CPI","TOT","AGRWTH","M","1982-07",6.034534,
"CHE","CPI","TOT","AGRWTH","M","1982-08",5.17714,
"CHE","CPI","TOT","AGRWTH","M","1982-09",5.512515,
"CHE","CPI","TOT","AGRWTH","M","1982-10",6.127937,
"CHE","CPI","TOT","AGRWTH","M","1982-11",5.838957,
"CHE","CPI","TOT","AGRWTH","M","1982-12",5.499606,
"CHE","CPI","TOT","AGRWTH","M","1983-01",4.809211,
"CHE","CPI","TOT","AGRWTH","M","1983-02",4.77749,
"CHE","CPI","TOT","AGRWTH","M","1983-03",4.802484,
"CHE","CPI","TOT","AGRWTH","M","1983-04",4.515396,
"CHE","CPI","TOT","AGRWTH","M","1983-05",3.312138,
"CHE","CPI","TOT","AGRWTH","M","1983-06",2.807465,
"CHE","CPI","TOT","AGRWTH","M","1983-07",2.190799,
"CHE","CPI","TOT","AGRWTH","M","1983-08",1.722174,
"CHE","CPI","TOT","AGRWTH","M","1983-09",1.4384,
"CHE","CPI","TOT","AGRWTH","M","1983-10",1.4363,
"CHE","CPI","TOT","AGRWTH","M","1983-11",1.752163,
"CHE","CPI","TOT","AGRWTH","M","1983-12",2.13651,
"CHE","CPI","TOT","AGRWTH","M","1984-01",2.656738,
"CHE","CPI","TOT","AGRWTH","M","1984-02",2.884896,
"CHE","CPI","TOT","AGRWTH","M","1984-03",3.356722,
"CHE","CPI","TOT","AGRWTH","M","1984-04",3.186404,
"CHE","CPI","TOT","AGRWTH","M","1984-05",2.883709,
"CHE","CPI","TOT","AGRWTH","M","1984-06",2.790218,
"CHE","CPI","TOT","AGRWTH","M","1984-07",2.808884,
"CHE","CPI","TOT","AGRWTH","M","1984-08",2.896393,
"CHE","CPI","TOT","AGRWTH","M","1984-09",2.706177,
"CHE","CPI","TOT","AGRWTH","M","1984-10",3.108849,
"CHE","CPI","TOT","AGRWTH","M","1984-11",2.99439,
"CHE","CPI","TOT","AGRWTH","M","1984-12",2.90387,
"CHE","CPI","TOT","AGRWTH","M","1985-01",3.537796,
"CHE","CPI","TOT","AGRWTH","M","1985-02",4.007112,
"CHE","CPI","TOT","AGRWTH","M","1985-03",3.910083,
"CHE","CPI","TOT","AGRWTH","M","1985-04",3.630763,
"CHE","CPI","TOT","AGRWTH","M","1985-05",3.774485,
"CHE","CPI","TOT","AGRWTH","M","1985-06",3.390532,
"CHE","CPI","TOT","AGRWTH","M","1985-07",3.352374,
"CHE","CPI","TOT","AGRWTH","M","1985-08",2.964815,
"CHE","CPI","TOT","AGRWTH","M","1985-09",3.345427,
"CHE","CPI","TOT","AGRWTH","M","1985-10",2.951578,
"CHE","CPI","TOT","AGRWTH","M","1985-11",3.141225,
"CHE","CPI","TOT","AGRWTH","M","1985-12",3.238116,
"CHE","CPI","TOT","AGRWTH","M","1986-01",2.195342,
"CHE","CPI","TOT","AGRWTH","M","1986-02",1.343372,
"CHE","CPI","TOT","AGRWTH","M","1986-03",0.9069416,
"CHE","CPI","TOT","AGRWTH","M","1986-04",0.9747012,
"CHE","CPI","TOT","AGRWTH","M","1986-05",0.7370434,
"CHE","CPI","TOT","AGRWTH","M","1986-06",0.7664654,
"CHE","CPI","TOT","AGRWTH","M","1986-07",0.5052907,
"CHE","CPI","TOT","AGRWTH","M","1986-08",0.7207028,
"CHE","CPI","TOT","AGRWTH","M","1986-09",0.5857041,
"CHE","CPI","TOT","AGRWTH","M","1986-10",0.3605348,
"CHE","CPI","TOT","AGRWTH","M","1986-11",-0.09770297,
"CHE","CPI","TOT","AGRWTH","M","1986-12",0.04001034,
"CHE","CPI","TOT","AGRWTH","M","1987-01",0.6615349,
"CHE","CPI","TOT","AGRWTH","M","1987-02",0.9819962,
"CHE","CPI","TOT","AGRWTH","M","1987-03",0.9985434,
"CHE","CPI","TOT","AGRWTH","M","1987-04",1.180219,
"CHE","CPI","TOT","AGRWTH","M","1987-05",0.9269508,
"CHE","CPI","TOT","AGRWTH","M","1987-06",1.269561,
"CHE","CPI","TOT","AGRWTH","M","1987-07",1.776297,
"CHE","CPI","TOT","AGRWTH","M","1987-08",1.975453,
"CHE","CPI","TOT","AGRWTH","M","1987-09",1.556409,
"CHE","CPI","TOT","AGRWTH","M","1987-10",1.979226,
"CHE","CPI","TOT","AGRWTH","M","1987-11",2.097749,
"CHE","CPI","TOT","AGRWTH","M","1987-12",1.886953,
"CHE","CPI","TOT","AGRWTH","M","1988-01",1.559564,
"CHE","CPI","TOT","AGRWTH","M","1988-02",1.75696,
"CHE","CPI","TOT","AGRWTH","M","1988-03",1.850274,
"CHE","CPI","TOT","AGRWTH","M","1988-04",1.917488,
"CHE","CPI","TOT","AGRWTH","M","1988-05",2.23652,
"CHE","CPI","TOT","AGRWTH","M","1988-06",2.06971,
"CHE","CPI","TOT","AGRWTH","M","1988-07",1.810959,
"CHE","CPI","TOT","AGRWTH","M","1988-08",1.770456,
"CHE","CPI","TOT","AGRWTH","M","1988-09",2.039362,
"CHE","CPI","TOT","AGRWTH","M","1988-10",1.753657,
"CHE","CPI","TOT","AGRWTH","M","1988-11",1.75722,
"CHE","CPI","TOT","AGRWTH","M","1988-12",1.948653,
"CHE","CPI","TOT","AGRWTH","M","1989-01",2.2466,
"CHE","CPI","TOT","AGRWTH","M","1989-02",2.260998,
"CHE","CPI","TOT","AGRWTH","M","1989-03",2.298859,
"CHE","CPI","TOT","AGRWTH","M","1989-04",2.641148,
"CHE","CPI","TOT","AGRWTH","M","1989-05",2.962098,
"CHE","CPI","TOT","AGRWTH","M","1989-06",2.977965,
"CHE","CPI","TOT","AGRWTH","M","1989-07",2.984624,
"CHE","CPI","TOT","AGRWTH","M","1989-08",2.967246,
"CHE","CPI","TOT","AGRWTH","M","1989-09",3.3884,
"CHE","CPI","TOT","AGRWTH","M","1989-10",3.631497,
"CHE","CPI","TOT","AGRWTH","M","1989-11",4.444256,
"CHE","CPI","TOT","AGRWTH","M","1989-12",5.021976,
"CHE","CPI","TOT","AGRWTH","M","1990-01",5.063848,
"CHE","CPI","TOT","AGRWTH","M","1990-02",4.877448,
"CHE","CPI","TOT","AGRWTH","M","1990-03",4.956705,
"CHE","CPI","TOT","AGRWTH","M","1990-04",4.622074,
"CHE","CPI","TOT","AGRWTH","M","1990-05",5.058408,
"CHE","CPI","TOT","AGRWTH","M","1990-06",5.025131,
"CHE","CPI","TOT","AGRWTH","M","1990-07",5.309978,
"CHE","CPI","TOT","AGRWTH","M","1990-08",6.083592,
"CHE","CPI","TOT","AGRWTH","M","1990-09",6.126025,
"CHE","CPI","TOT","AGRWTH","M","1990-10",6.352086,
"CHE","CPI","TOT","AGRWTH","M","1990-11",6.055734,
"CHE","CPI","TOT","AGRWTH","M","1990-12",5.276045,
"CHE","CPI","TOT","AGRWTH","M","1991-01",5.509524,
"CHE","CPI","TOT","AGRWTH","M","1991-02",6.21385,
"CHE","CPI","TOT","AGRWTH","M","1991-03",5.865631,
"CHE","CPI","TOT","AGRWTH","M","1991-04",5.90198,
"CHE","CPI","TOT","AGRWTH","M","1991-05",6.278922,
"CHE","CPI","TOT","AGRWTH","M","1991-06",6.566899,
"CHE","CPI","TOT","AGRWTH","M","1991-07",6.551228,
"CHE","CPI","TOT","AGRWTH","M","1991-08",5.972764,
"CHE","CPI","TOT","AGRWTH","M","1991-09",5.675825,
"CHE","CPI","TOT","AGRWTH","M","1991-10",5.129018,
"CHE","CPI","TOT","AGRWTH","M","1991-11",5.471599,
"CHE","CPI","TOT","AGRWTH","M","1991-12",5.226864,
"CHE","CPI","TOT","AGRWTH","M","1992-01",4.87077,
"CHE","CPI","TOT","AGRWTH","M","1992-02",4.579569,
"CHE","CPI","TOT","AGRWTH","M","1992-03",4.868876,
"CHE","CPI","TOT","AGRWTH","M","1992-04",4.784544,
"CHE","CPI","TOT","AGRWTH","M","1992-05",4.181328,
"CHE","CPI","TOT","AGRWTH","M","1992-06",4.167513,
"CHE","CPI","TOT","AGRWTH","M","1992-07",3.818192,
"CHE","CPI","TOT","AGRWTH","M","1992-08",3.550934,
"CHE","CPI","TOT","AGRWTH","M","1992-09",3.472597,
"CHE","CPI","TOT","AGRWTH","M","1992-10",3.531166,
"CHE","CPI","TOT","AGRWTH","M","1992-11",3.286383,
"CHE","CPI","TOT","AGRWTH","M","1992-12",3.42085,
"CHE","CPI","TOT","AGRWTH","M","1993-01",3.464531,
"CHE","CPI","TOT","AGRWTH","M","1993-02",3.390863,
"CHE","CPI","TOT","AGRWTH","M","1993-03",3.638699,
"CHE","CPI","TOT","AGRWTH","M","1993-04",3.78806,
"CHE","CPI","TOT","AGRWTH","M","1993-05",3.575992,
"CHE","CPI","TOT","AGRWTH","M","1993-06",3.139717,
"CHE","CPI","TOT","AGRWTH","M","1993-07",3.386952,
"CHE","CPI","TOT","AGRWTH","M","1993-08",3.625653,
"CHE","CPI","TOT","AGRWTH","M","1993-09",3.440064,
"CHE","CPI","TOT","AGRWTH","M","1993-10",3.367152,
"CHE","CPI","TOT","AGRWTH","M","1993-11",2.244305,
"CHE","CPI","TOT","AGRWTH","M","1993-12",2.482276,
"CHE","CPI","TOT","AGRWTH","M","1994-01",2.078717,
"CHE","CPI","TOT","AGRWTH","M","1994-02",1.839338,
"CHE","CPI","TOT","AGRWTH","M","1994-03",1.301596,
"CHE","CPI","TOT","AGRWTH","M","1994-04",1.047364,
"CHE","CPI","TOT","AGRWTH","M","1994-05",0.3612916,
"CHE","CPI","TOT","AGRWTH","M","1994-06",0.5450196,
"CHE","CPI","TOT","AGRWTH","M","1994-07",0.5898786,
"CHE","CPI","TOT","AGRWTH","M","1994-08",0.4893605,
"CHE","CPI","TOT","AGRWTH","M","1994-09",0.5918575,
"CHE","CPI","TOT","AGRWTH","M","1994-10",0.4341789,
"CHE","CPI","TOT","AGRWTH","M","1994-11",0.5625301,
"CHE","CPI","TOT","AGRWTH","M","1994-12",0.4201311,
"CHE","CPI","TOT","AGRWTH","M","1995-01",1.014815,
"CHE","CPI","TOT","AGRWTH","M","1995-02",1.503453,
"CHE","CPI","TOT","AGRWTH","M","1995-03",1.563982,
"CHE","CPI","TOT","AGRWTH","M","1995-04",1.596455,
"CHE","CPI","TOT","AGRWTH","M","1995-05",2.038482,
"CHE","CPI","TOT","AGRWTH","M","1995-06",2.080206,
"CHE","CPI","TOT","AGRWTH","M","1995-07",2.029099,
"CHE","CPI","TOT","AGRWTH","M","1995-08",1.952061,
"CHE","CPI","TOT","AGRWTH","M","1995-09",1.998031,
"CHE","CPI","TOT","AGRWTH","M","1995-10",1.971283,
"CHE","CPI","TOT","AGRWTH","M","1995-11",1.90251,
"CHE","CPI","TOT","AGRWTH","M","1995-12",1.948069,
"CHE","CPI","TOT","AGRWTH","M","1996-01",1.518467,
"CHE","CPI","TOT","AGRWTH","M","1996-02",0.7825188,
"CHE","CPI","TOT","AGRWTH","M","1996-03",0.8985226,
"CHE","CPI","TOT","AGRWTH","M","1996-04",0.9114467,
"CHE","CPI","TOT","AGRWTH","M","1996-05",0.7325667,
"CHE","CPI","TOT","AGRWTH","M","1996-06",0.729241,
"CHE","CPI","TOT","AGRWTH","M","1996-07",0.656329,
"CHE","CPI","TOT","AGRWTH","M","1996-08",0.5979195,
"CHE","CPI","TOT","AGRWTH","M","1996-09",0.5703631,
"CHE","CPI","TOT","AGRWTH","M","1996-10",0.8400753,
"CHE","CPI","TOT","AGRWTH","M","1996-11",0.7296802,
"CHE","CPI","TOT","AGRWTH","M","1996-12",0.7813386,
"CHE","CPI","TOT","AGRWTH","M","1997-01",0.8300596,
"CHE","CPI","TOT","AGRWTH","M","1997-02",0.8452847,
"CHE","CPI","TOT","AGRWTH","M","1997-03",0.5228446,
"CHE","CPI","TOT","AGRWTH","M","1997-04",0.5221196,
"CHE","CPI","TOT","AGRWTH","M","1997-05",0.5767003,
"CHE","CPI","TOT","AGRWTH","M","1997-06",0.4817285,
"CHE","CPI","TOT","AGRWTH","M","1997-07",0.5128886,
"CHE","CPI","TOT","AGRWTH","M","1997-08",0.4744862,
"CHE","CPI","TOT","AGRWTH","M","1997-09",0.4141961,
"CHE","CPI","TOT","AGRWTH","M","1997-10",0.2618304,
"CHE","CPI","TOT","AGRWTH","M","1997-11",0.4169232,
"CHE","CPI","TOT","AGRWTH","M","1997-12",0.3863294,
"CHE","CPI","TOT","AGRWTH","M","1998-01",0.01546272,
"CHE","CPI","TOT","AGRWTH","M","1998-02",-0.03706731,
"CHE","CPI","TOT","AGRWTH","M","1998-03",0.03298408,
"CHE","CPI","TOT","AGRWTH","M","1998-04",-0.02251201,
"CHE","CPI","TOT","AGRWTH","M","1998-05",0.08236531,
"CHE","CPI","TOT","AGRWTH","M","1998-06",0.1009188,
"CHE","CPI","TOT","AGRWTH","M","1998-07",0.07517148,
"CHE","CPI","TOT","AGRWTH","M","1998-08",0.1396706,
"CHE","CPI","TOT","AGRWTH","M","1998-09",0.06161731,
"CHE","CPI","TOT","AGRWTH","M","1998-10",0.03428978,
"CHE","CPI","TOT","AGRWTH","M","1998-11",-0.09854416,
"CHE","CPI","TOT","AGRWTH","M","1998-12",-0.1684775,
"CHE","CPI","TOT","AGRWTH","M","1999-01",0.07294661,
"CHE","CPI","TOT","AGRWTH","M","1999-02",0.2880578,
"CHE","CPI","TOT","AGRWTH","M","1999-03",0.467066,
"CHE","CPI","TOT","AGRWTH","M","1999-04",0.5937113,
"CHE","CPI","TOT","AGRWTH","M","1999-05",0.5757557,
"CHE","CPI","TOT","AGRWTH","M","1999-06",0.5740913,
"CHE","CPI","TOT","AGRWTH","M","1999-07",0.7350152,
"CHE","CPI","TOT","AGRWTH","M","1999-08",0.9458914,
"CHE","CPI","TOT","AGRWTH","M","1999-09",1.217444,
"CHE","CPI","TOT","AGRWTH","M","1999-10",1.236512,
"CHE","CPI","TOT","AGRWTH","M","1999-11",1.304355,
"CHE","CPI","TOT","AGRWTH","M","1999-12",1.668104,
"CHE","CPI","TOT","AGRWTH","M","2000-01",1.585378,
"CHE","CPI","TOT","AGRWTH","M","2000-02",1.623736,
"CHE","CPI","TOT","AGRWTH","M","2000-03",1.482962,
"CHE","CPI","TOT","AGRWTH","M","2000-04",1.402418,
"CHE","CPI","TOT","AGRWTH","M","2000-05",1.580496,
"CHE","CPI","TOT","AGRWTH","M","2000-06",1.839098,
"CHE","CPI","TOT","AGRWTH","M","2000-07",1.888741,
"CHE","CPI","TOT","AGRWTH","M","2000-08",1.124735,
"CHE","CPI","TOT","AGRWTH","M","2000-09",1.439921,
"CHE","CPI","TOT","AGRWTH","M","2000-10",1.332339,
"CHE","CPI","TOT","AGRWTH","M","2000-11",1.912458,
"CHE","CPI","TOT","AGRWTH","M","2000-12",1.4934,
"CHE","CPI","TOT","AGRWTH","M","2001-01",1.295461,
"CHE","CPI","TOT","AGRWTH","M","2001-02",0.779637,
"CHE","CPI","TOT","AGRWTH","M","2001-03",0.9757597,
"CHE","CPI","TOT","AGRWTH","M","2001-04",1.166648,
"CHE","CPI","TOT","AGRWTH","M","2001-05",1.76577,
"CHE","CPI","TOT","AGRWTH","M","2001-06",1.580429,
"CHE","CPI","TOT","AGRWTH","M","2001-07",1.351633,
"CHE","CPI","TOT","AGRWTH","M","2001-08",1.050885,
"CHE","CPI","TOT","AGRWTH","M","2001-09",0.6749848,
"CHE","CPI","TOT","AGRWTH","M","2001-10",0.6302018,
"CHE","CPI","TOT","AGRWTH","M","2001-11",0.2869489,
"CHE","CPI","TOT","AGRWTH","M","2001-12",0.3251991,
"CHE","CPI","TOT","AGRWTH","M","2002-01",0.5214534,
"CHE","CPI","TOT","AGRWTH","M","2002-02",0.6544999,
"CHE","CPI","TOT","AGRWTH","M","2002-03",0.5094852,
"CHE","CPI","TOT","AGRWTH","M","2002-04",1.097221,
"CHE","CPI","TOT","AGRWTH","M","2002-05",0.6480272,
"CHE","CPI","TOT","AGRWTH","M","2002-06",0.3258601,
"CHE","CPI","TOT","AGRWTH","M","2002-07",-0.05166746,
"CHE","CPI","TOT","AGRWTH","M","2002-08",0.4725541,
"CHE","CPI","TOT","AGRWTH","M","2002-09",0.4968977,
"CHE","CPI","TOT","AGRWTH","M","2002-10",1.23712,
"CHE","CPI","TOT","AGRWTH","M","2002-11",0.9155459,
"CHE","CPI","TOT","AGRWTH","M","2002-12",0.8908195,
"CHE","CPI","TOT","AGRWTH","M","2003-01",0.8467,
"CHE","CPI","TOT","AGRWTH","M","2003-02",0.9491754,
"CHE","CPI","TOT","AGRWTH","M","2003-03",1.339085,
"CHE","CPI","TOT","AGRWTH","M","2003-04",0.671791,
"CHE","CPI","TOT","AGRWTH","M","2003-05",0.4140629,
"CHE","CPI","TOT","AGRWTH","M","2003-06",0.5481158,
"CHE","CPI","TOT","AGRWTH","M","2003-07",0.2705293,
"CHE","CPI","TOT","AGRWTH","M","2003-08",0.5372521,
"CHE","CPI","TOT","AGRWTH","M","2003-09",0.530364,
"CHE","CPI","TOT","AGRWTH","M","2003-10",0.4537735,
"CHE","CPI","TOT","AGRWTH","M","2003-11",0.5126108,
"CHE","CPI","TOT","AGRWTH","M","2003-12",0.5938203,
"CHE","CPI","TOT","AGRWTH","M","2004-01",0.172403,
"CHE","CPI","TOT","AGRWTH","M","2004-02",0.09064917,
"CHE","CPI","TOT","AGRWTH","M","2004-03",-0.09703136,
"CHE","CPI","TOT","AGRWTH","M","2004-04",0.5459229,
"CHE","CPI","TOT","AGRWTH","M","2004-05",0.9399631,
"CHE","CPI","TOT","AGRWTH","M","2004-06",1.11204,
"CHE","CPI","TOT","AGRWTH","M","2004-07",0.8624169,
"CHE","CPI","TOT","AGRWTH","M","2004-08",1.001052,
"CHE","CPI","TOT","AGRWTH","M","2004-09",0.8608367,
"CHE","CPI","TOT","AGRWTH","M","2004-10",1.292668,
"CHE","CPI","TOT","AGRWTH","M","2004-11",1.517432,
"CHE","CPI","TOT","AGRWTH","M","2004-12",1.33171,
"CHE","CPI","TOT","AGRWTH","M","2005-01",1.204848,
"CHE","CPI","TOT","AGRWTH","M","2005-02",1.410244,
"CHE","CPI","TOT","AGRWTH","M","2005-03",1.441198,
"CHE","CPI","TOT","AGRWTH","M","2005-04",1.415957,
"CHE","CPI","TOT","AGRWTH","M","2005-05",1.08177,
"CHE","CPI","TOT","AGRWTH","M","2005-06",0.6808151,
"CHE","CPI","TOT","AGRWTH","M","2005-07",1.189098,
"CHE","CPI","TOT","AGRWTH","M","2005-08",0.9607608,
"CHE","CPI","TOT","AGRWTH","M","2005-09",1.396591,
"CHE","CPI","TOT","AGRWTH","M","2005-10",1.33317,
"CHE","CPI","TOT","AGRWTH","M","2005-11",0.9515855,
"CHE","CPI","TOT","AGRWTH","M","2005-12",1.006393,
"CHE","CPI","TOT","AGRWTH","M","2006-01",1.29081,
"CHE","CPI","TOT","AGRWTH","M","2006-02",1.383652,
"CHE","CPI","TOT","AGRWTH","M","2006-03",1.028831,
"CHE","CPI","TOT","AGRWTH","M","2006-04",1.059177,
"CHE","CPI","TOT","AGRWTH","M","2006-05",1.361888,
"CHE","CPI","TOT","AGRWTH","M","2006-06",1.562134,
"CHE","CPI","TOT","AGRWTH","M","2006-07",1.424719,
"CHE","CPI","TOT","AGRWTH","M","2006-08",1.452136,
"CHE","CPI","TOT","AGRWTH","M","2006-09",0.793958,
"CHE","CPI","TOT","AGRWTH","M","2006-10",0.2587231,
"CHE","CPI","TOT","AGRWTH","M","2006-11",0.4976379,
"CHE","CPI","TOT","AGRWTH","M","2006-12",0.6210557,
"CHE","CPI","TOT","AGRWTH","M","2007-01",0.1021764,
"CHE","CPI","TOT","AGRWTH","M","2007-02",-0.01144142,
"CHE","CPI","TOT","AGRWTH","M","2007-03",0.1727158,
"CHE","CPI","TOT","AGRWTH","M","2007-04",0.4539854,
"CHE","CPI","TOT","AGRWTH","M","2007-05",0.4879854,
"CHE","CPI","TOT","AGRWTH","M","2007-06",0.6308945,
"CHE","CPI","TOT","AGRWTH","M","2007-07",0.7202842,
"CHE","CPI","TOT","AGRWTH","M","2007-08",0.4357687,
"CHE","CPI","TOT","AGRWTH","M","2007-09",0.7470757,
"CHE","CPI","TOT","AGRWTH","M","2007-10",1.26429,
"CHE","CPI","TOT","AGRWTH","M","2007-11",1.770191,
"CHE","CPI","TOT","AGRWTH","M","2007-12",2.004008,
"CHE","CPI","TOT","AGRWTH","M","2008-01",2.426292,
"CHE","CPI","TOT","AGRWTH","M","2008-02",2.364594,
"CHE","CPI","TOT","AGRWTH","M","2008-03",2.630892,
"CHE","CPI","TOT","AGRWTH","M","2008-04",2.283981,
"CHE","CPI","TOT","AGRWTH","M","2008-05",2.8555,
"CHE","CPI","TOT","AGRWTH","M","2008-06",2.911658,
"CHE","CPI","TOT","AGRWTH","M","2008-07",3.074772,
"CHE","CPI","TOT","AGRWTH","M","2008-08",2.921472,
"CHE","CPI","TOT","AGRWTH","M","2008-09",2.927221,
"CHE","CPI","TOT","AGRWTH","M","2008-10",2.598069,
"CHE","CPI","TOT","AGRWTH","M","2008-11",1.452157,
"CHE","CPI","TOT","AGRWTH","M","2008-12",0.7010068,
"CHE","CPI","TOT","AGRWTH","M","2009-01",0.13908,
"CHE","CPI","TOT","AGRWTH","M","2009-02",0.2375163,
"CHE","CPI","TOT","AGRWTH","M","2009-03",-0.4241361,
"CHE","CPI","TOT","AGRWTH","M","2009-04",-0.3337536,
"CHE","CPI","TOT","AGRWTH","M","2009-05",-0.961154,
"CHE","CPI","TOT","AGRWTH","M","2009-06",-0.9510052,
"CHE","CPI","TOT","AGRWTH","M","2009-07",-1.177709,
"CHE","CPI","TOT","AGRWTH","M","2009-08",-0.8100511,
"CHE","CPI","TOT","AGRWTH","M","2009-09",-0.9224877,
"CHE","CPI","TOT","AGRWTH","M","2009-10",-0.8336549,
"CHE","CPI","TOT","AGRWTH","M","2009-11",0.02391149,
"CHE","CPI","TOT","AGRWTH","M","2009-12",0.2826881,
"CHE","CPI","TOT","AGRWTH","M","2010-01",1.023746,
"CHE","CPI","TOT","AGRWTH","M","2010-02",0.9327145,
"CHE","CPI","TOT","AGRWTH","M","2010-03",1.39971,
"CHE","CPI","TOT","AGRWTH","M","2010-04",1.372658,
"CHE","CPI","TOT","AGRWTH","M","2010-05",1.106686,
"CHE","CPI","TOT","AGRWTH","M","2010-06",0.4863281,
"CHE","CPI","TOT","AGRWTH","M","2010-07",0.4184842,
"CHE","CPI","TOT","AGRWTH","M","2010-08",0.2935003,
"CHE","CPI","TOT","AGRWTH","M","2010-09",0.2830119,
"CHE","CPI","TOT","AGRWTH","M","2010-10",0.1939616,
"CHE","CPI","TOT","AGRWTH","M","2010-11",0.2411068,
"CHE","CPI","TOT","AGRWTH","M","2010-12",0.519572,
"CHE","CPI","TOT","AGRWTH","M","2011-01",0.2784839,
"CHE","CPI","TOT","AGRWTH","M","2011-02",0.5102031,
"CHE","CPI","TOT","AGRWTH","M","2011-03",1.004265,
"CHE","CPI","TOT","AGRWTH","M","2011-04",0.2588865,
"CHE","CPI","TOT","AGRWTH","M","2011-05",0.3690573,
"CHE","CPI","TOT","AGRWTH","M","2011-06",0.5641826,
"CHE","CPI","TOT","AGRWTH","M","2011-07",0.4720441,
"CHE","CPI","TOT","AGRWTH","M","2011-08",0.1922175,
"CHE","CPI","TOT","AGRWTH","M","2011-09",0.4857559,
"CHE","CPI","TOT","AGRWTH","M","2011-10",-0.1125024,
"CHE","CPI","TOT","AGRWTH","M","2011-11",-0.5257328,
"CHE","CPI","TOT","AGRWTH","M","2011-12",-0.7147083,
"CHE","CPI","TOT","AGRWTH","M","2012-01",-0.789483,
"CHE","CPI","TOT","AGRWTH","M","2012-02",-0.8835077,
"CHE","CPI","TOT","AGRWTH","M","2012-03",-0.9542573,
"CHE","CPI","TOT","AGRWTH","M","2012-04",-0.9896104,
"CHE","CPI","TOT","AGRWTH","M","2012-05",-1.01359,
"CHE","CPI","TOT","AGRWTH","M","2012-06",-1.053698,
"CHE","CPI","TOT","AGRWTH","M","2012-07",-0.7141086,
"CHE","CPI","TOT","AGRWTH","M","2012-08",-0.452998,
"CHE","CPI","TOT","AGRWTH","M","2012-09",-0.4113652,
"CHE","CPI","TOT","AGRWTH","M","2012-10",-0.22223,
"CHE","CPI","TOT","AGRWTH","M","2012-11",-0.3754671,
"CHE","CPI","TOT","AGRWTH","M","2012-12",-0.43446,
"CHE","CPI","TOT","AGRWTH","M","2013-01",-0.2696843,
"CHE","CPI","TOT","AGRWTH","M","2013-02",-0.2561671,
"CHE","CPI","TOT","AGRWTH","M","2013-03",-0.5936288,
"CHE","CPI","TOT","AGRWTH","M","2013-04",-0.6343441,
"CHE","CPI","TOT","AGRWTH","M","2013-05",-0.5073508,
"CHE","CPI","TOT","AGRWTH","M","2013-06",-0.1279547,
"CHE","CPI","TOT","AGRWTH","M","2013-07",-0.002752338,
"CHE","CPI","TOT","AGRWTH","M","2013-08",-0.04454233,
"CHE","CPI","TOT","AGRWTH","M","2013-09",-0.05538238,
"CHE","CPI","TOT","AGRWTH","M","2013-10",-0.2552282,
"CHE","CPI","TOT","AGRWTH","M","2013-11",0.07985541,
"CHE","CPI","TOT","AGRWTH","M","2013-12",0.06713167,
"CHE","CPI","TOT","AGRWTH","M","2014-01",0.05437877,
"CHE","CPI","TOT","AGRWTH","M","2014-02",-0.1411062,
"CHE","CPI","TOT","AGRWTH","M","2014-03",0.002847425,
"CHE","CPI","TOT","AGRWTH","M","2014-04",0.0379856,
"CHE","CPI","TOT","AGRWTH","M","2014-05",0.2207019,
"CHE","CPI","TOT","AGRWTH","M","2014-06",0.04966065,
"CHE","CPI","TOT","AGRWTH","M","2014-07",0.03184936,
"CHE","CPI","TOT","AGRWTH","M","2014-08",0.07161428,
"CHE","CPI","TOT","AGRWTH","M","2014-09",-0.08768015,
"CHE","CPI","TOT","AGRWTH","M","2014-10",-0.01266156,
"CHE","CPI","TOT","AGRWTH","M","2014-11",-0.05859243,
"CHE","CPI","TOT","AGRWTH","M","2014-12",-0.3284491,
"CHE","CPI","TOT","AGRWTH","M","2015-01",-0.4851975,
"CHE","CPI","TOT","AGRWTH","M","2015-02",-0.8396546,
"CHE","CPI","TOT","AGRWTH","M","2015-03",-0.8747237,
"CHE","CPI","TOT","AGRWTH","M","2015-04",-1.122652,
"CHE","CPI","TOT","AGRWTH","M","2015-05",-1.181789,
"CHE","CPI","TOT","AGRWTH","M","2015-06",-1.037265,
"CHE","CPI","TOT","AGRWTH","M","2015-07",-1.275927,
"CHE","CPI","TOT","AGRWTH","M","2015-08",-1.402459,
"CHE","CPI","TOT","AGRWTH","M","2015-09",-1.443673,
"CHE","CPI","TOT","AGRWTH","M","2015-10",-1.359866,
"CHE","CPI","TOT","AGRWTH","M","2015-11",-1.392509,
"CHE","CPI","TOT","AGRWTH","M","2015-12",-1.308355,
"CHE","CPI","TOT","AGRWTH","M","2016-01",-1.266732,
"CHE","CPI","TOT","AGRWTH","M","2016-02",-0.8284798,
"CHE","CPI","TOT","AGRWTH","M","2016-03",-0.8607506,
"CHE","CPI","TOT","AGRWTH","M","2016-04",-0.3518723,
"CHE","CPI","TOT","AGRWTH","M","2016-05",-0.4399569,
"CHE","CPI","TOT","AGRWTH","M","2016-06",-0.374045,
"CHE","CPI","TOT","AGRWTH","M","2016-07",-0.202861,
"CHE","CPI","TOT","AGRWTH","M","2016-08",-0.1430682,
"CHE","CPI","TOT","AGRWTH","M","2016-09",-0.1814716,
"CHE","CPI","TOT","AGRWTH","M","2016-10",-0.2127681,
"CHE","CPI","TOT","AGRWTH","M","2016-11",-0.3383042,
"CHE","CPI","TOT","AGRWTH","M","2016-12",-0.0067,
"CHE","CPI","TOT","AGRWTH","M","2017-01",0.3489557,
"CHE","CPI","TOT","AGRWTH","M","2017-02",0.6460153,
"CHE","CPI","TOT","AGRWTH","M","2017-03",0.5678923,
"CHE","CPI","TOT","AGRWTH","M","2017-04",0.4377588,
"CHE","CPI","TOT","AGRWTH","M","2017-05",0.479389,
"CHE","CPI","TOT","AGRWTH","M","2017-06",0.1972077,
"CHE","CPI","TOT","AGRWTH","M","2017-07",0.3292469,
"CHE","CPI","TOT","AGRWTH","M","2017-08",0.4627675,
"CHE","CPI","TOT","AGRWTH","M","2017-09",0.6520706,
"CHE","CPI","TOT","AGRWTH","M","2017-10",0.6609076,
"CHE","CPI","TOT","AGRWTH","M","2017-11",0.7871262,
"CHE","CPI","TOT","AGRWTH","M","2017-12",0.8386562,
"CHE","CPI","TOT","AGRWTH","M","2018-01",0.7402027,
"CHE","CPI","TOT","AGRWTH","M","2018-02",0.6280298,
"CHE","CPI","TOT","AGRWTH","M","2018-03",0.7953681,
"CHE","CPI","TOT","AGRWTH","M","2018-04",0.8031909,
"CHE","CPI","TOT","AGRWTH","M","2018-05",0.9992321,
"CHE","CPI","TOT","AGRWTH","M","2018-06",1.146528,
"CHE","CPI","TOT","AGRWTH","M","2018-07",1.230351,
"CHE","CPI","TOT","AGRWTH","M","2018-08",1.180957,
"CHE","CPI","TOT","AGRWTH","M","2018-09",0.9894649,
"CHE","CPI","TOT","AGRWTH","M","2018-10",1.106566,
"CHE","CPI","TOT","AGRWTH","M","2018-11",0.9219655,
"CHE","CPI","TOT","AGRWTH","M","2018-12",0.691547,
"OECD","CPI","TOT","AGRWTH","M","1971-01",5.607236,
"OECD","CPI","TOT","AGRWTH","M","1971-02",5.597165,
"OECD","CPI","TOT","AGRWTH","M","1971-03",5.460664,
"OECD","CPI","TOT","AGRWTH","M","1971-04",5.417327,
"OECD","CPI","TOT","AGRWTH","M","1971-05",5.748194,
"OECD","CPI","TOT","AGRWTH","M","1971-06",5.944257,
"OECD","CPI","TOT","AGRWTH","M","1971-07",5.951924,
"OECD","CPI","TOT","AGRWTH","M","1971-08",6.155428,
"OECD","CPI","TOT","AGRWTH","M","1971-09",6.052013,
"OECD","CPI","TOT","AGRWTH","M","1971-10",5.795685,
"OECD","CPI","TOT","AGRWTH","M","1971-11",5.49028,
"OECD","CPI","TOT","AGRWTH","M","1971-12",5.395627,
"OECD","CPI","TOT","AGRWTH","M","1972-01",5.130169,
"OECD","CPI","TOT","AGRWTH","M","1972-02",5.244375,
"OECD","CPI","TOT","AGRWTH","M","1972-03",5.289166,
"OECD","CPI","TOT","AGRWTH","M","1972-04",5.078694,
"OECD","CPI","TOT","AGRWTH","M","1972-05",4.993883,
"OECD","CPI","TOT","AGRWTH","M","1972-06",4.861991,
"OECD","CPI","TOT","AGRWTH","M","1972-07",4.957615,
"OECD","CPI","TOT","AGRWTH","M","1972-08",5.055594,
"OECD","CPI","TOT","AGRWTH","M","1972-09",5.135463,
"OECD","CPI","TOT","AGRWTH","M","1972-10",5.301972,
"OECD","CPI","TOT","AGRWTH","M","1972-11",5.471199,
"OECD","CPI","TOT","AGRWTH","M","1972-12",5.447824,
"OECD","CPI","TOT","AGRWTH","M","1973-01",5.805342,
"OECD","CPI","TOT","AGRWTH","M","1973-02",5.986248,
"OECD","CPI","TOT","AGRWTH","M","1973-03",6.490806,
"OECD","CPI","TOT","AGRWTH","M","1973-04",7.077665,
"OECD","CPI","TOT","AGRWTH","M","1973-05",7.688971,
"OECD","CPI","TOT","AGRWTH","M","1973-06",8.007111,
"OECD","CPI","TOT","AGRWTH","M","1973-07",8.041108,
"OECD","CPI","TOT","AGRWTH","M","1973-08",8.799103,
"OECD","CPI","TOT","AGRWTH","M","1973-09",9.143092,
"OECD","CPI","TOT","AGRWTH","M","1973-10",9.642133,
"OECD","CPI","TOT","AGRWTH","M","1973-11",10.23256,
"OECD","CPI","TOT","AGRWTH","M","1973-12",11.13641,
"OECD","CPI","TOT","AGRWTH","M","1974-01",12.11938,
"OECD","CPI","TOT","AGRWTH","M","1974-02",13.02472,
"OECD","CPI","TOT","AGRWTH","M","1974-03",13.37517,
"OECD","CPI","TOT","AGRWTH","M","1974-04",13.59456,
"OECD","CPI","TOT","AGRWTH","M","1974-05",13.74311,
"OECD","CPI","TOT","AGRWTH","M","1974-06",13.82583,
"OECD","CPI","TOT","AGRWTH","M","1974-07",14.47716,
"OECD","CPI","TOT","AGRWTH","M","1974-08",14.3884,
"OECD","CPI","TOT","AGRWTH","M","1974-09",14.81569,
"OECD","CPI","TOT","AGRWTH","M","1974-10",15.13225,
"OECD","CPI","TOT","AGRWTH","M","1974-11",15.37709,
"OECD","CPI","TOT","AGRWTH","M","1974-12",14.83595,
"OECD","CPI","TOT","AGRWTH","M","1975-01",14.24461,
"OECD","CPI","TOT","AGRWTH","M","1975-02",13.46119,
"OECD","CPI","TOT","AGRWTH","M","1975-03",12.86382,
"OECD","CPI","TOT","AGRWTH","M","1975-04",12.70003,
"OECD","CPI","TOT","AGRWTH","M","1975-05",12.54223,
"OECD","CPI","TOT","AGRWTH","M","1975-06",12.53507,
"OECD","CPI","TOT","AGRWTH","M","1975-07",12.14562,
"OECD","CPI","TOT","AGRWTH","M","1975-08",11.38573,
"OECD","CPI","TOT","AGRWTH","M","1975-09",11.01853,
"OECD","CPI","TOT","AGRWTH","M","1975-10",10.47592,
"OECD","CPI","TOT","AGRWTH","M","1975-11",9.946154,
"OECD","CPI","TOT","AGRWTH","M","1975-12",9.717665,
"OECD","CPI","TOT","AGRWTH","M","1976-01",9.645451,
"OECD","CPI","TOT","AGRWTH","M","1976-02",9.570607,
"OECD","CPI","TOT","AGRWTH","M","1976-03",9.478424,
"OECD","CPI","TOT","AGRWTH","M","1976-04",9.368769,
"OECD","CPI","TOT","AGRWTH","M","1976-05",9.247509,
"OECD","CPI","TOT","AGRWTH","M","1976-06",8.903348,
"OECD","CPI","TOT","AGRWTH","M","1976-07",8.652742,
"OECD","CPI","TOT","AGRWTH","M","1976-08",8.865871,
"OECD","CPI","TOT","AGRWTH","M","1976-09",8.966042,
"OECD","CPI","TOT","AGRWTH","M","1976-10",9.328389,
"OECD","CPI","TOT","AGRWTH","M","1976-11",9.458377,
"OECD","CPI","TOT","AGRWTH","M","1976-12",9.604894,
"OECD","CPI","TOT","AGRWTH","M","1977-01",9.682199,
"OECD","CPI","TOT","AGRWTH","M","1977-02",9.962636,
"OECD","CPI","TOT","AGRWTH","M","1977-03",10.24137,
"OECD","CPI","TOT","AGRWTH","M","1977-04",10.47484,
"OECD","CPI","TOT","AGRWTH","M","1977-05",10.35786,
"OECD","CPI","TOT","AGRWTH","M","1977-06",10.57474,
"OECD","CPI","TOT","AGRWTH","M","1977-07",10.6141,
"OECD","CPI","TOT","AGRWTH","M","1977-08",10.63687,
"OECD","CPI","TOT","AGRWTH","M","1977-09",10.41974,
"OECD","CPI","TOT","AGRWTH","M","1977-10",9.948801,
"OECD","CPI","TOT","AGRWTH","M","1977-11",9.716393,
"OECD","CPI","TOT","AGRWTH","M","1977-12",9.483236,
"OECD","CPI","TOT","AGRWTH","M","1978-01",9.286246,
"OECD","CPI","TOT","AGRWTH","M","1978-02",9.033112,
"OECD","CPI","TOT","AGRWTH","M","1978-03",8.962135,
"OECD","CPI","TOT","AGRWTH","M","1978-04",8.740338,
"OECD","CPI","TOT","AGRWTH","M","1978-05",8.915249,
"OECD","CPI","TOT","AGRWTH","M","1978-06",9.08832,
"OECD","CPI","TOT","AGRWTH","M","1978-07",9.316792,
"OECD","CPI","TOT","AGRWTH","M","1978-08",9.259325,
"OECD","CPI","TOT","AGRWTH","M","1978-09",9.252197,
"OECD","CPI","TOT","AGRWTH","M","1978-10",9.412169,
"OECD","CPI","TOT","AGRWTH","M","1978-11",9.341754,
"OECD","CPI","TOT","AGRWTH","M","1978-12",9.353183,
"OECD","CPI","TOT","AGRWTH","M","1979-01",9.592593,
"OECD","CPI","TOT","AGRWTH","M","1979-02",9.75253,
"OECD","CPI","TOT","AGRWTH","M","1979-03",9.939095,
"OECD","CPI","TOT","AGRWTH","M","1979-04",10.20137,
"OECD","CPI","TOT","AGRWTH","M","1979-05",10.43526,
"OECD","CPI","TOT","AGRWTH","M","1979-06",10.7625,
"OECD","CPI","TOT","AGRWTH","M","1979-07",11.41634,
"OECD","CPI","TOT","AGRWTH","M","1979-08",11.66369,
"OECD","CPI","TOT","AGRWTH","M","1979-09",12.08556,
"OECD","CPI","TOT","AGRWTH","M","1979-10",12.40229,
"OECD","CPI","TOT","AGRWTH","M","1979-11",12.88849,
"OECD","CPI","TOT","AGRWTH","M","1979-12",13.53954,
"OECD","CPI","TOT","AGRWTH","M","1980-01",14.44609,
"OECD","CPI","TOT","AGRWTH","M","1980-02",15.20571,
"OECD","CPI","TOT","AGRWTH","M","1980-03",15.47529,
"OECD","CPI","TOT","AGRWTH","M","1980-04",15.69664,
"OECD","CPI","TOT","AGRWTH","M","1980-05",15.56717,
"OECD","CPI","TOT","AGRWTH","M","1980-06",15.4451,
"OECD","CPI","TOT","AGRWTH","M","1980-07",14.53729,
"OECD","CPI","TOT","AGRWTH","M","1980-08",14.5441,
"OECD","CPI","TOT","AGRWTH","M","1980-09",14.35775,
"OECD","CPI","TOT","AGRWTH","M","1980-10",14.15754,
"OECD","CPI","TOT","AGRWTH","M","1980-11",14.18575,
"OECD","CPI","TOT","AGRWTH","M","1980-12",13.98808,
"OECD","CPI","TOT","AGRWTH","M","1981-01",13.3039,
"OECD","CPI","TOT","AGRWTH","M","1981-02",12.63385,
"OECD","CPI","TOT","AGRWTH","M","1981-03",12.31058,
"OECD","CPI","TOT","AGRWTH","M","1981-04",11.87543,
"OECD","CPI","TOT","AGRWTH","M","1981-05",11.77363,
"OECD","CPI","TOT","AGRWTH","M","1981-06",11.61374,
"OECD","CPI","TOT","AGRWTH","M","1981-07",12.00244,
"OECD","CPI","TOT","AGRWTH","M","1981-08",11.95538,
"OECD","CPI","TOT","AGRWTH","M","1981-09",12.06057,
"OECD","CPI","TOT","AGRWTH","M","1981-10",11.83944,
"OECD","CPI","TOT","AGRWTH","M","1981-11",11.54956,
"OECD","CPI","TOT","AGRWTH","M","1981-12",11.22131,
"OECD","CPI","TOT","AGRWTH","M","1982-01",10.90283,
"OECD","CPI","TOT","AGRWTH","M","1982-02",10.55336,
"OECD","CPI","TOT","AGRWTH","M","1982-03",10.14904,
"OECD","CPI","TOT","AGRWTH","M","1982-04",10.1592,
"OECD","CPI","TOT","AGRWTH","M","1982-05",10.40971,
"OECD","CPI","TOT","AGRWTH","M","1982-06",10.73645,
"OECD","CPI","TOT","AGRWTH","M","1982-07",10.50882,
"OECD","CPI","TOT","AGRWTH","M","1982-08",10.95044,
"OECD","CPI","TOT","AGRWTH","M","1982-09",10.73137,
"OECD","CPI","TOT","AGRWTH","M","1982-10",10.92836,
"OECD","CPI","TOT","AGRWTH","M","1982-11",10.81482,
"OECD","CPI","TOT","AGRWTH","M","1982-12",11.3007,
"OECD","CPI","TOT","AGRWTH","M","1983-01",11.40563,
"OECD","CPI","TOT","AGRWTH","M","1983-02",11.32531,
"OECD","CPI","TOT","AGRWTH","M","1983-03",11.40646,
"OECD","CPI","TOT","AGRWTH","M","1983-04",11.45828,
"OECD","CPI","TOT","AGRWTH","M","1983-05",11.14039,
"OECD","CPI","TOT","AGRWTH","M","1983-06",10.4582,
"OECD","CPI","TOT","AGRWTH","M","1983-07",10.40626,
"OECD","CPI","TOT","AGRWTH","M","1983-08",9.906433,
"OECD","CPI","TOT","AGRWTH","M","1983-09",9.872759,
"OECD","CPI","TOT","AGRWTH","M","1983-10",9.761065,
"OECD","CPI","TOT","AGRWTH","M","1983-11",9.9988,
"OECD","CPI","TOT","AGRWTH","M","1983-12",9.579436,
"OECD","CPI","TOT","AGRWTH","M","1984-01",9.391546,
"OECD","CPI","TOT","AGRWTH","M","1984-02",9.614766,
"OECD","CPI","TOT","AGRWTH","M","1984-03",9.590466,
"OECD","CPI","TOT","AGRWTH","M","1984-04",9.313231,
"OECD","CPI","TOT","AGRWTH","M","1984-05",9.085845,
"OECD","CPI","TOT","AGRWTH","M","1984-06",9.138677,
"OECD","CPI","TOT","AGRWTH","M","1984-07",8.935046,
"OECD","CPI","TOT","AGRWTH","M","1984-08",8.725662,
"OECD","CPI","TOT","AGRWTH","M","1984-09",8.567046,
"OECD","CPI","TOT","AGRWTH","M","1984-10",8.468418,
"OECD","CPI","TOT","AGRWTH","M","1984-11",8.108459,
"OECD","CPI","TOT","AGRWTH","M","1984-12",7.913875,
"OECD","CPI","TOT","AGRWTH","M","1985-01",7.933261,
"OECD","CPI","TOT","AGRWTH","M","1985-02",7.848884,
"OECD","CPI","TOT","AGRWTH","M","1985-03",8.017639,
"OECD","CPI","TOT","AGRWTH","M","1985-04",7.961926,
"OECD","CPI","TOT","AGRWTH","M","1985-05",7.833148,
"OECD","CPI","TOT","AGRWTH","M","1985-06",7.559213,
"OECD","CPI","TOT","AGRWTH","M","1985-07",7.440592,
"OECD","CPI","TOT","AGRWTH","M","1985-08",7.367761,
"OECD","CPI","TOT","AGRWTH","M","1985-09",7.255601,
"OECD","CPI","TOT","AGRWTH","M","1985-10",7.301505,
"OECD","CPI","TOT","AGRWTH","M","1985-11",7.478418,
"OECD","CPI","TOT","AGRWTH","M","1985-12",7.767351,
"OECD","CPI","TOT","AGRWTH","M","1986-01",7.72516,
"OECD","CPI","TOT","AGRWTH","M","1986-02",7.190329,
"OECD","CPI","TOT","AGRWTH","M","1986-03",6.535759,
"OECD","CPI","TOT","AGRWTH","M","1986-04",6.159592,
"OECD","CPI","TOT","AGRWTH","M","1986-05",6.248169,
"OECD","CPI","TOT","AGRWTH","M","1986-06",6.593417,
"OECD","CPI","TOT","AGRWTH","M","1986-07",6.546061,
"OECD","CPI","TOT","AGRWTH","M","1986-08",6.794448,
"OECD","CPI","TOT","AGRWTH","M","1986-09",7.029701,
"OECD","CPI","TOT","AGRWTH","M","1986-10",6.953781,
"OECD","CPI","TOT","AGRWTH","M","1986-11",7.002835,
"OECD","CPI","TOT","AGRWTH","M","1986-12",7.041113,
"OECD","CPI","TOT","AGRWTH","M","1987-01",7.031678,
"OECD","CPI","TOT","AGRWTH","M","1987-02",7.508465,
"OECD","CPI","TOT","AGRWTH","M","1987-03",8.12114,
"OECD","CPI","TOT","AGRWTH","M","1987-04",8.783579,
"OECD","CPI","TOT","AGRWTH","M","1987-05",8.994874,
"OECD","CPI","TOT","AGRWTH","M","1987-06",8.944154,
"OECD","CPI","TOT","AGRWTH","M","1987-07",9.292512,
"OECD","CPI","TOT","AGRWTH","M","1987-08",9.590432,
"OECD","CPI","TOT","AGRWTH","M","1987-09",9.668635,
"OECD","CPI","TOT","AGRWTH","M","1987-10",9.948781,
"OECD","CPI","TOT","AGRWTH","M","1987-11",10.17207,
"OECD","CPI","TOT","AGRWTH","M","1987-12",11.07069,
"OECD","CPI","TOT","AGRWTH","M","1988-01",11.18086,
"OECD","CPI","TOT","AGRWTH","M","1988-02",11.21866,
"OECD","CPI","TOT","AGRWTH","M","1988-03",11.24862,
"OECD","CPI","TOT","AGRWTH","M","1988-04",10.94836,
"OECD","CPI","TOT","AGRWTH","M","1988-05",10.58478,
"OECD","CPI","TOT","AGRWTH","M","1988-06",10.37618,
"OECD","CPI","TOT","AGRWTH","M","1988-07",10.06876,
"OECD","CPI","TOT","AGRWTH","M","1988-08",9.5994,
"OECD","CPI","TOT","AGRWTH","M","1988-09",9.322603,
"OECD","CPI","TOT","AGRWTH","M","1988-10",8.820333,
"OECD","CPI","TOT","AGRWTH","M","1988-11",8.306275,
"OECD","CPI","TOT","AGRWTH","M","1988-12",6.982943,
"OECD","CPI","TOT","AGRWTH","M","1989-01",6.649937,
"OECD","CPI","TOT","AGRWTH","M","1989-02",6.417108,
"OECD","CPI","TOT","AGRWTH","M","1989-03",6.245195,
"OECD","CPI","TOT","AGRWTH","M","1989-04",6.443898,
"OECD","CPI","TOT","AGRWTH","M","1989-05",6.613456,
"OECD","CPI","TOT","AGRWTH","M","1989-06",6.489213,
"OECD","CPI","TOT","AGRWTH","M","1989-07",6.430157,
"OECD","CPI","TOT","AGRWTH","M","1989-08",6.242812,
"OECD","CPI","TOT","AGRWTH","M","1989-09",6.167055,
"OECD","CPI","TOT","AGRWTH","M","1989-10",6.35596,
"OECD","CPI","TOT","AGRWTH","M","1989-11",6.287686,
"OECD","CPI","TOT","AGRWTH","M","1989-12",6.355308,
"OECD","CPI","TOT","AGRWTH","M","1990-01",6.767488,
"OECD","CPI","TOT","AGRWTH","M","1990-02",6.933328,
"OECD","CPI","TOT","AGRWTH","M","1990-03",6.942834,
"OECD","CPI","TOT","AGRWTH","M","1990-04",6.652812,
"OECD","CPI","TOT","AGRWTH","M","1990-05",6.531706,
"OECD","CPI","TOT","AGRWTH","M","1990-06",6.663049,
"OECD","CPI","TOT","AGRWTH","M","1990-07",6.617992,
"OECD","CPI","TOT","AGRWTH","M","1990-08",7.14939,
"OECD","CPI","TOT","AGRWTH","M","1990-09",7.527733,
"OECD","CPI","TOT","AGRWTH","M","1990-10",7.731489,
"OECD","CPI","TOT","AGRWTH","M","1990-11",7.829885,
"OECD","CPI","TOT","AGRWTH","M","1990-12",7.647304,
"OECD","CPI","TOT","AGRWTH","M","1991-01",7.433266,
"OECD","CPI","TOT","AGRWTH","M","1991-02",7.228976,
"OECD","CPI","TOT","AGRWTH","M","1991-03",7.033029,
"OECD","CPI","TOT","AGRWTH","M","1991-04",6.938581,
"OECD","CPI","TOT","AGRWTH","M","1991-05",6.916412,
"OECD","CPI","TOT","AGRWTH","M","1991-06",6.890809,
"OECD","CPI","TOT","AGRWTH","M","1991-07",6.908979,
"OECD","CPI","TOT","AGRWTH","M","1991-08",6.516877,
"OECD","CPI","TOT","AGRWTH","M","1991-09",6.070188,
"OECD","CPI","TOT","AGRWTH","M","1991-10",5.820437,
"OECD","CPI","TOT","AGRWTH","M","1991-11",6.019991,
"OECD","CPI","TOT","AGRWTH","M","1991-12",6.036912,
"OECD","CPI","TOT","AGRWTH","M","1992-01",5.656782,
"OECD","CPI","TOT","AGRWTH","M","1992-02",5.734958,
"OECD","CPI","TOT","AGRWTH","M","1992-03",5.939938,
"OECD","CPI","TOT","AGRWTH","M","1992-04",5.830578,
"OECD","CPI","TOT","AGRWTH","M","1992-05",5.632219,
"OECD","CPI","TOT","AGRWTH","M","1992-06",5.466943,
"OECD","CPI","TOT","AGRWTH","M","1992-07",5.224732,
"OECD","CPI","TOT","AGRWTH","M","1992-08",5.167558,
"OECD","CPI","TOT","AGRWTH","M","1992-09",5.177723,
"OECD","CPI","TOT","AGRWTH","M","1992-10",4.962859,
"OECD","CPI","TOT","AGRWTH","M","1992-11",4.706041,
"OECD","CPI","TOT","AGRWTH","M","1992-12",4.628666,
"OECD","CPI","TOT","AGRWTH","M","1993-01",4.810798,
"OECD","CPI","TOT","AGRWTH","M","1993-02",4.778971,
"OECD","CPI","TOT","AGRWTH","M","1993-03",4.645156,
"OECD","CPI","TOT","AGRWTH","M","1993-04",4.631863,
"OECD","CPI","TOT","AGRWTH","M","1993-05",4.657222,
"OECD","CPI","TOT","AGRWTH","M","1993-06",4.61092,
"OECD","CPI","TOT","AGRWTH","M","1993-07",4.793834,
"OECD","CPI","TOT","AGRWTH","M","1993-08",4.759634,
"OECD","CPI","TOT","AGRWTH","M","1993-09",4.599328,
"OECD","CPI","TOT","AGRWTH","M","1993-10",4.56539,
"OECD","CPI","TOT","AGRWTH","M","1993-11",4.468251,
"OECD","CPI","TOT","AGRWTH","M","1993-12",4.522522,
"OECD","CPI","TOT","AGRWTH","M","1994-01",4.267771,
"OECD","CPI","TOT","AGRWTH","M","1994-02",4.264343,
"OECD","CPI","TOT","AGRWTH","M","1994-03",4.244332,
"OECD","CPI","TOT","AGRWTH","M","1994-04",4.607413,
"OECD","CPI","TOT","AGRWTH","M","1994-05",4.728506,
"OECD","CPI","TOT","AGRWTH","M","1994-06",4.76639,
"OECD","CPI","TOT","AGRWTH","M","1994-07",4.753534,
"OECD","CPI","TOT","AGRWTH","M","1994-08",4.895269,
"OECD","CPI","TOT","AGRWTH","M","1994-09",4.963835,
"OECD","CPI","TOT","AGRWTH","M","1994-10",4.919766,
"OECD","CPI","TOT","AGRWTH","M","1994-11",5.057076,
"OECD","CPI","TOT","AGRWTH","M","1994-12",5.215729,
"OECD","CPI","TOT","AGRWTH","M","1995-01",5.455914,
"OECD","CPI","TOT","AGRWTH","M","1995-02",5.628386,
"OECD","CPI","TOT","AGRWTH","M","1995-03",5.852315,
"OECD","CPI","TOT","AGRWTH","M","1995-04",5.889213,
"OECD","CPI","TOT","AGRWTH","M","1995-05",5.990658,
"OECD","CPI","TOT","AGRWTH","M","1995-06",6.135008,
"OECD","CPI","TOT","AGRWTH","M","1995-07",6.03094,
"OECD","CPI","TOT","AGRWTH","M","1995-08",5.99728,
"OECD","CPI","TOT","AGRWTH","M","1995-09",6.188,
"OECD","CPI","TOT","AGRWTH","M","1995-10",6.208747,
"OECD","CPI","TOT","AGRWTH","M","1995-11",6.149356,
"OECD","CPI","TOT","AGRWTH","M","1995-12",6.173532,
"OECD","CPI","TOT","AGRWTH","M","1996-01",6.237034,
"OECD","CPI","TOT","AGRWTH","M","1996-02",6.087109,
"OECD","CPI","TOT","AGRWTH","M","1996-03",6.034886,
"OECD","CPI","TOT","AGRWTH","M","1996-04",5.838291,
"OECD","CPI","TOT","AGRWTH","M","1996-05",5.74846,
"OECD","CPI","TOT","AGRWTH","M","1996-06",5.542553,
"OECD","CPI","TOT","AGRWTH","M","1996-07",5.556922,
"OECD","CPI","TOT","AGRWTH","M","1996-08",5.454289,
"OECD","CPI","TOT","AGRWTH","M","1996-09",5.335909,
"OECD","CPI","TOT","AGRWTH","M","1996-10",5.380574,
"OECD","CPI","TOT","AGRWTH","M","1996-11",5.393705,
"OECD","CPI","TOT","AGRWTH","M","1996-12",5.36334,
"OECD","CPI","TOT","AGRWTH","M","1997-01",5.171759,
"OECD","CPI","TOT","AGRWTH","M","1997-02",5.06258,
"OECD","CPI","TOT","AGRWTH","M","1997-03",4.798691,
"OECD","CPI","TOT","AGRWTH","M","1997-04",4.665684,
"OECD","CPI","TOT","AGRWTH","M","1997-05",4.503485,
"OECD","CPI","TOT","AGRWTH","M","1997-06",4.561419,
"OECD","CPI","TOT","AGRWTH","M","1997-07",4.677148,
"OECD","CPI","TOT","AGRWTH","M","1997-08",4.770455,
"OECD","CPI","TOT","AGRWTH","M","1997-09",4.797289,
"OECD","CPI","TOT","AGRWTH","M","1997-10",4.811131,
"OECD","CPI","TOT","AGRWTH","M","1997-11",4.737429,
"OECD","CPI","TOT","AGRWTH","M","1997-12",4.664774,
"OECD","CPI","TOT","AGRWTH","M","1998-01",4.569622,
"OECD","CPI","TOT","AGRWTH","M","1998-02",4.578163,
"OECD","CPI","TOT","AGRWTH","M","1998-03",4.550508,
"OECD","CPI","TOT","AGRWTH","M","1998-04",4.389757,
"OECD","CPI","TOT","AGRWTH","M","1998-05",4.423033,
"OECD","CPI","TOT","AGRWTH","M","1998-06",4.327354,
"OECD","CPI","TOT","AGRWTH","M","1998-07",4.155945,
"OECD","CPI","TOT","AGRWTH","M","1998-08",3.939591,
"OECD","CPI","TOT","AGRWTH","M","1998-09",3.852735,
"OECD","CPI","TOT","AGRWTH","M","1998-10",3.837072,
"OECD","CPI","TOT","AGRWTH","M","1998-11",3.804628,
"OECD","CPI","TOT","AGRWTH","M","1998-12",3.684347,
"OECD","CPI","TOT","AGRWTH","M","1999-01",3.503294,
"OECD","CPI","TOT","AGRWTH","M","1999-02",3.329401,
"OECD","CPI","TOT","AGRWTH","M","1999-03",3.394312,
"OECD","CPI","TOT","AGRWTH","M","1999-04",3.684369,
"OECD","CPI","TOT","AGRWTH","M","1999-05",3.532636,
"OECD","CPI","TOT","AGRWTH","M","1999-06",3.478297,
"OECD","CPI","TOT","AGRWTH","M","1999-07",3.605186,
"OECD","CPI","TOT","AGRWTH","M","1999-08",3.76113,
"OECD","CPI","TOT","AGRWTH","M","1999-09",3.828174,
"OECD","CPI","TOT","AGRWTH","M","1999-10",3.733318,
"OECD","CPI","TOT","AGRWTH","M","1999-11",3.712447,
"OECD","CPI","TOT","AGRWTH","M","1999-12",3.853023,
"OECD","CPI","TOT","AGRWTH","M","2000-01",3.906103,
"OECD","CPI","TOT","AGRWTH","M","2000-02",4.151701,
"OECD","CPI","TOT","AGRWTH","M","2000-03",4.347902,
"OECD","CPI","TOT","AGRWTH","M","2000-04",3.852622,
"OECD","CPI","TOT","AGRWTH","M","2000-05",3.908193,
"OECD","CPI","TOT","AGRWTH","M","2000-06",4.213539,
"OECD","CPI","TOT","AGRWTH","M","2000-07",4.225963,
"OECD","CPI","TOT","AGRWTH","M","2000-08",3.995582,
"OECD","CPI","TOT","AGRWTH","M","2000-09",3.996732,
"OECD","CPI","TOT","AGRWTH","M","2000-10",3.845024,
"OECD","CPI","TOT","AGRWTH","M","2000-11",3.859452,
"OECD","CPI","TOT","AGRWTH","M","2000-12",3.709584,
"OECD","CPI","TOT","AGRWTH","M","2001-01",3.727023,
"OECD","CPI","TOT","AGRWTH","M","2001-02",3.603981,
"OECD","CPI","TOT","AGRWTH","M","2001-03",3.376801,
"OECD","CPI","TOT","AGRWTH","M","2001-04",3.887042,
"OECD","CPI","TOT","AGRWTH","M","2001-05",4.229202,
"OECD","CPI","TOT","AGRWTH","M","2001-06",4.037045,
"OECD","CPI","TOT","AGRWTH","M","2001-07",3.630529,
"OECD","CPI","TOT","AGRWTH","M","2001-08",3.67083,
"OECD","CPI","TOT","AGRWTH","M","2001-09",3.592579,
"OECD","CPI","TOT","AGRWTH","M","2001-10",3.420581,
"OECD","CPI","TOT","AGRWTH","M","2001-11",3.176371,
"OECD","CPI","TOT","AGRWTH","M","2001-12",3.05198,
"OECD","CPI","TOT","AGRWTH","M","2002-01",3.062542,
"OECD","CPI","TOT","AGRWTH","M","2002-02",2.981189,
"OECD","CPI","TOT","AGRWTH","M","2002-03",3.085535,
"OECD","CPI","TOT","AGRWTH","M","2002-04",2.916899,
"OECD","CPI","TOT","AGRWTH","M","2002-05",2.513909,
"OECD","CPI","TOT","AGRWTH","M","2002-06",2.358938,
"OECD","CPI","TOT","AGRWTH","M","2002-07",2.5289,
"OECD","CPI","TOT","AGRWTH","M","2002-08",2.65793,
"OECD","CPI","TOT","AGRWTH","M","2002-09",2.488693,
"OECD","CPI","TOT","AGRWTH","M","2002-10",2.656424,
"OECD","CPI","TOT","AGRWTH","M","2002-11",2.785289,
"OECD","CPI","TOT","AGRWTH","M","2002-12",2.809894,
"OECD","CPI","TOT","AGRWTH","M","2003-01",2.78442,
"OECD","CPI","TOT","AGRWTH","M","2003-02",3.040652,
"OECD","CPI","TOT","AGRWTH","M","2003-03",3.087377,
"OECD","CPI","TOT","AGRWTH","M","2003-04",2.543682,
"OECD","CPI","TOT","AGRWTH","M","2003-05",2.345271,
"OECD","CPI","TOT","AGRWTH","M","2003-06",2.343746,
"OECD","CPI","TOT","AGRWTH","M","2003-07",2.30451,
"OECD","CPI","TOT","AGRWTH","M","2003-08",2.282599,
"OECD","CPI","TOT","AGRWTH","M","2003-09",2.320105,
"OECD","CPI","TOT","AGRWTH","M","2003-10",2.135101,
"OECD","CPI","TOT","AGRWTH","M","2003-11",1.960896,
"OECD","CPI","TOT","AGRWTH","M","2003-12",1.9675,
"OECD","CPI","TOT","AGRWTH","M","2004-01",1.889712,
"OECD","CPI","TOT","AGRWTH","M","2004-02",1.739987,
"OECD","CPI","TOT","AGRWTH","M","2004-03",1.709347,
"OECD","CPI","TOT","AGRWTH","M","2004-04",2.050432,
"OECD","CPI","TOT","AGRWTH","M","2004-05",2.52442,
"OECD","CPI","TOT","AGRWTH","M","2004-06",2.669654,
"OECD","CPI","TOT","AGRWTH","M","2004-07",2.569677,
"OECD","CPI","TOT","AGRWTH","M","2004-08",2.445029,
"OECD","CPI","TOT","AGRWTH","M","2004-09",2.330235,
"OECD","CPI","TOT","AGRWTH","M","2004-10",2.755537,
"OECD","CPI","TOT","AGRWTH","M","2004-11",2.903871,
"OECD","CPI","TOT","AGRWTH","M","2004-12",2.726388,
"OECD","CPI","TOT","AGRWTH","M","2005-01",2.470819,
"OECD","CPI","TOT","AGRWTH","M","2005-02",2.474605,
"OECD","CPI","TOT","AGRWTH","M","2005-03",2.566793,
"OECD","CPI","TOT","AGRWTH","M","2005-04",2.699405,
"OECD","CPI","TOT","AGRWTH","M","2005-05",2.341043,
"OECD","CPI","TOT","AGRWTH","M","2005-06",2.163398,
"OECD","CPI","TOT","AGRWTH","M","2005-07",2.516037,
"OECD","CPI","TOT","AGRWTH","M","2005-08",2.703202,
"OECD","CPI","TOT","AGRWTH","M","2005-09",3.23953,
"OECD","CPI","TOT","AGRWTH","M","2005-10",2.970831,
"OECD","CPI","TOT","AGRWTH","M","2005-11",2.520642,
"OECD","CPI","TOT","AGRWTH","M","2005-12",2.565164,
"OECD","CPI","TOT","AGRWTH","M","2006-01",2.942087,
"OECD","CPI","TOT","AGRWTH","M","2006-02",2.73906,
"OECD","CPI","TOT","AGRWTH","M","2006-03",2.555204,
"OECD","CPI","TOT","AGRWTH","M","2006-04",2.764275,
"OECD","CPI","TOT","AGRWTH","M","2006-05",3.097473,
"OECD","CPI","TOT","AGRWTH","M","2006-06",3.213402,
"OECD","CPI","TOT","AGRWTH","M","2006-07",3.135854,
"OECD","CPI","TOT","AGRWTH","M","2006-08",3.035359,
"OECD","CPI","TOT","AGRWTH","M","2006-09",2.142017,
"OECD","CPI","TOT","AGRWTH","M","2006-10",1.721061,
"OECD","CPI","TOT","AGRWTH","M","2006-11",2.063158,
"OECD","CPI","TOT","AGRWTH","M","2006-12",2.324176,
"OECD","CPI","TOT","AGRWTH","M","2007-01",2.052375,
"OECD","CPI","TOT","AGRWTH","M","2007-02",2.221303,
"OECD","CPI","TOT","AGRWTH","M","2007-03",2.461015,
"OECD","CPI","TOT","AGRWTH","M","2007-04",2.364492,
"OECD","CPI","TOT","AGRWTH","M","2007-05",2.344878,
"OECD","CPI","TOT","AGRWTH","M","2007-06",2.328909,
"OECD","CPI","TOT","AGRWTH","M","2007-07",2.145278,
"OECD","CPI","TOT","AGRWTH","M","2007-08",1.934719,
"OECD","CPI","TOT","AGRWTH","M","2007-09",2.378525,
"OECD","CPI","TOT","AGRWTH","M","2007-10",2.945568,
"OECD","CPI","TOT","AGRWTH","M","2007-11",3.48346,
"OECD","CPI","TOT","AGRWTH","M","2007-12",3.429564,
"OECD","CPI","TOT","AGRWTH","M","2008-01",3.583639,
"OECD","CPI","TOT","AGRWTH","M","2008-02",3.543082,
"OECD","CPI","TOT","AGRWTH","M","2008-03",3.624099,
"OECD","CPI","TOT","AGRWTH","M","2008-04",3.560164,
"OECD","CPI","TOT","AGRWTH","M","2008-05",3.923756,
"OECD","CPI","TOT","AGRWTH","M","2008-06",4.473547,
"OECD","CPI","TOT","AGRWTH","M","2008-07",4.877642,
"OECD","CPI","TOT","AGRWTH","M","2008-08",4.718608,
"OECD","CPI","TOT","AGRWTH","M","2008-09",4.465306,
"OECD","CPI","TOT","AGRWTH","M","2008-10",3.711864,
"OECD","CPI","TOT","AGRWTH","M","2008-11",2.240962,
"OECD","CPI","TOT","AGRWTH","M","2008-12",1.530006,
"OECD","CPI","TOT","AGRWTH","M","2009-01",1.285567,
"OECD","CPI","TOT","AGRWTH","M","2009-02",1.343204,
"OECD","CPI","TOT","AGRWTH","M","2009-03",0.8828598,
"OECD","CPI","TOT","AGRWTH","M","2009-04",0.6257546,
"OECD","CPI","TOT","AGRWTH","M","2009-05",0.08803231,
"OECD","CPI","TOT","AGRWTH","M","2009-06",-0.1286108,
"OECD","CPI","TOT","AGRWTH","M","2009-07",-0.6443239,
"OECD","CPI","TOT","AGRWTH","M","2009-08",-0.3118818,
"OECD","CPI","TOT","AGRWTH","M","2009-09",-0.3176305,
"OECD","CPI","TOT","AGRWTH","M","2009-10",0.1790233,
"OECD","CPI","TOT","AGRWTH","M","2009-11",1.251677,
"OECD","CPI","TOT","AGRWTH","M","2009-12",1.816248,
"OECD","CPI","TOT","AGRWTH","M","2010-01",2.037017,
"OECD","CPI","TOT","AGRWTH","M","2010-02",1.868137,
"OECD","CPI","TOT","AGRWTH","M","2010-03",2.042874,
"OECD","CPI","TOT","AGRWTH","M","2010-04",2.069735,
"OECD","CPI","TOT","AGRWTH","M","2010-05",1.935888,
"OECD","CPI","TOT","AGRWTH","M","2010-06",1.444353,
"OECD","CPI","TOT","AGRWTH","M","2010-07",1.562542,
"OECD","CPI","TOT","AGRWTH","M","2010-08",1.501142,
"OECD","CPI","TOT","AGRWTH","M","2010-09",1.617509,
"OECD","CPI","TOT","AGRWTH","M","2010-10",1.768418,
"OECD","CPI","TOT","AGRWTH","M","2010-11",1.709045,
"OECD","CPI","TOT","AGRWTH","M","2010-12",1.947053,
"OECD","CPI","TOT","AGRWTH","M","2011-01",2.024239,
"OECD","CPI","TOT","AGRWTH","M","2011-02",2.250767,
"OECD","CPI","TOT","AGRWTH","M","2011-03",2.546003,
"OECD","CPI","TOT","AGRWTH","M","2011-04",2.784885,
"OECD","CPI","TOT","AGRWTH","M","2011-05",3.032316,
"OECD","CPI","TOT","AGRWTH","M","2011-06",2.990922,
"OECD","CPI","TOT","AGRWTH","M","2011-07",3.065135,
"OECD","CPI","TOT","AGRWTH","M","2011-08",3.152752,
"OECD","CPI","TOT","AGRWTH","M","2011-09",3.202932,
"OECD","CPI","TOT","AGRWTH","M","2011-10",3.063953,
"OECD","CPI","TOT","AGRWTH","M","2011-11",3.063596,
"OECD","CPI","TOT","AGRWTH","M","2011-12",2.834033,
"OECD","CPI","TOT","AGRWTH","M","2012-01",2.778683,
"OECD","CPI","TOT","AGRWTH","M","2012-02",2.7765,
"OECD","CPI","TOT","AGRWTH","M","2012-03",2.633353,
"OECD","CPI","TOT","AGRWTH","M","2012-04",2.437536,
"OECD","CPI","TOT","AGRWTH","M","2012-05",2.043092,
"OECD","CPI","TOT","AGRWTH","M","2012-06",1.982324,
"OECD","CPI","TOT","AGRWTH","M","2012-07",1.867495,
"OECD","CPI","TOT","AGRWTH","M","2012-08",2.044712,
"OECD","CPI","TOT","AGRWTH","M","2012-09",2.199343,
"OECD","CPI","TOT","AGRWTH","M","2012-10",2.221981,
"OECD","CPI","TOT","AGRWTH","M","2012-11",1.923349,
"OECD","CPI","TOT","AGRWTH","M","2012-12",1.851328,
"OECD","CPI","TOT","AGRWTH","M","2013-01",1.718142,
"OECD","CPI","TOT","AGRWTH","M","2013-02",1.808749,
"OECD","CPI","TOT","AGRWTH","M","2013-03",1.566309,
"OECD","CPI","TOT","AGRWTH","M","2013-04",1.250578,
"OECD","CPI","TOT","AGRWTH","M","2013-05",1.482173,
"OECD","CPI","TOT","AGRWTH","M","2013-06",1.797457,
"OECD","CPI","TOT","AGRWTH","M","2013-07",1.955839,
"OECD","CPI","TOT","AGRWTH","M","2013-08",1.687608,
"OECD","CPI","TOT","AGRWTH","M","2013-09",1.480496,
"OECD","CPI","TOT","AGRWTH","M","2013-10",1.291878,
"OECD","CPI","TOT","AGRWTH","M","2013-11",1.466758,
"OECD","CPI","TOT","AGRWTH","M","2013-12",1.638181,
"OECD","CPI","TOT","AGRWTH","M","2014-01",1.646284,
"OECD","CPI","TOT","AGRWTH","M","2014-02",1.441348,
"OECD","CPI","TOT","AGRWTH","M","2014-03",1.574351,
"OECD","CPI","TOT","AGRWTH","M","2014-04",2.025968,
"OECD","CPI","TOT","AGRWTH","M","2014-05",2.084002,
"OECD","CPI","TOT","AGRWTH","M","2014-06",2.062389,
"OECD","CPI","TOT","AGRWTH","M","2014-07",1.962251,
"OECD","CPI","TOT","AGRWTH","M","2014-08",1.808307,
"OECD","CPI","TOT","AGRWTH","M","2014-09",1.744488,
"OECD","CPI","TOT","AGRWTH","M","2014-10",1.737322,
"OECD","CPI","TOT","AGRWTH","M","2014-11",1.498476,
"OECD","CPI","TOT","AGRWTH","M","2014-12",1.090816,
"OECD","CPI","TOT","AGRWTH","M","2015-01",0.5450067,
"OECD","CPI","TOT","AGRWTH","M","2015-02",0.6014698,
"OECD","CPI","TOT","AGRWTH","M","2015-03",0.633891,
"OECD","CPI","TOT","AGRWTH","M","2015-04",0.4996441,
"OECD","CPI","TOT","AGRWTH","M","2015-05",0.6323748,
"OECD","CPI","TOT","AGRWTH","M","2015-06",0.6545534,
"OECD","CPI","TOT","AGRWTH","M","2015-07",0.6353493,
"OECD","CPI","TOT","AGRWTH","M","2015-08",0.630205,
"OECD","CPI","TOT","AGRWTH","M","2015-09",0.473544,
"OECD","CPI","TOT","AGRWTH","M","2015-10",0.6105581,
"OECD","CPI","TOT","AGRWTH","M","2015-11",0.7429956,
"OECD","CPI","TOT","AGRWTH","M","2015-12",0.8778699,
"OECD","CPI","TOT","AGRWTH","M","2016-01",1.206445,
"OECD","CPI","TOT","AGRWTH","M","2016-02",0.9748144,
"OECD","CPI","TOT","AGRWTH","M","2016-03",0.8479601,
"OECD","CPI","TOT","AGRWTH","M","2016-04",0.8567132,
"OECD","CPI","TOT","AGRWTH","M","2016-05",0.8343241,
"OECD","CPI","TOT","AGRWTH","M","2016-06",0.9076882,
"OECD","CPI","TOT","AGRWTH","M","2016-07",0.8798085,
"OECD","CPI","TOT","AGRWTH","M","2016-08",0.9650586,
"OECD","CPI","TOT","AGRWTH","M","2016-09",1.20611,
"OECD","CPI","TOT","AGRWTH","M","2016-10",1.394446,
"OECD","CPI","TOT","AGRWTH","M","2016-11",1.482609,
"OECD","CPI","TOT","AGRWTH","M","2016-12",1.826272,
"OECD","CPI","TOT","AGRWTH","M","2017-01",2.316954,
"OECD","CPI","TOT","AGRWTH","M","2017-02",2.504671,
"OECD","CPI","TOT","AGRWTH","M","2017-03",2.321809,
"OECD","CPI","TOT","AGRWTH","M","2017-04",2.361141,
"OECD","CPI","TOT","AGRWTH","M","2017-05",2.125367,
"OECD","CPI","TOT","AGRWTH","M","2017-06",1.92999,
"OECD","CPI","TOT","AGRWTH","M","2017-07",1.990543,
"OECD","CPI","TOT","AGRWTH","M","2017-08",2.191737,
"OECD","CPI","TOT","AGRWTH","M","2017-09",2.342447,
"OECD","CPI","TOT","AGRWTH","M","2017-10",2.191881,
"OECD","CPI","TOT","AGRWTH","M","2017-11",2.382571,
"OECD","CPI","TOT","AGRWTH","M","2017-12",2.322109,
"OECD","CPI","TOT","AGRWTH","M","2018-01",2.169376,
"OECD","CPI","TOT","AGRWTH","M","2018-02",2.199139,
"OECD","CPI","TOT","AGRWTH","M","2018-03",2.266948,
"OECD","CPI","TOT","AGRWTH","M","2018-04",2.25434,
"OECD","CPI","TOT","AGRWTH","M","2018-05",2.589543,
"OECD","CPI","TOT","AGRWTH","M","2018-06",2.777614,
"OECD","CPI","TOT","AGRWTH","M","2018-07",2.879255,
"OECD","CPI","TOT","AGRWTH","M","2018-08",2.889855,
"OECD","CPI","TOT","AGRWTH","M","2018-09",2.913409,
"OECD","CPI","TOT","AGRWTH","M","2018-10",3.104503,
"OECD","CPI","TOT","AGRWTH","M","2018-11",2.695067,
"OECD","CPI","TOT","AGRWTH","M","2018-12",2.377197,
